Nome,CodiceNAV
Acqua distillata in fusto da 5 l,S70012123
 BASETTA REGOLABILE MARCEGAGLIA H75 CM,993169A5
Adattatore Bussole da 1" F a 3/4" M 75 mm,970225
Adattatore bussole da 1/2" F a 3/4" M 50 mm,970523
ADATTATORE BUSSOLE DA 3/4" A 1/2",977002N
ADATTATORE DA SPINA 220 V 16 A,SE0000294
ADIBLUE,SE0000476
Ago Vibrante Ø 37 mm vibratore per calcestruzzo,977003N
Ago Vibrante Ø 50 mm vibratore per calcestruzzo,970448
Ago Vibrante Ø 70 mm vibratore per calcestruzzo,977005
ALZABOBINA SOLLEVAM.A VITE 1600 kg (COPPIA),992890
ALZATIRA PORTATA 1600 kg (16 kN catena 3 m) - cric - paranco,979041
ALZATIRA PORTATA 3200 kg (32 kN catena 3 m) - cric - paranco,970155
ALZATIRA PORTATA 6300 kg (63 kN catena 3 m) - cric - paranco,979042
ALZATIRA PORTATA 9000 kg (90 kN catena 3 m) - cric - paranco,970156A90
ANALIZZATORE DI INTERRUTTORI E MICRO-OHMMETRO,979021
ANALIZZATORE DINAMOMETRICO ,970440
ANCHOR CABLE 100 cm,977006
ANCORAGGIO PES 50 mm - UNCINO da 14 m,970273
ANCORAGGIO PES 50 mm - UNCINO da 9 m,970241
ANELLO H 20 PER POZZETTO 90x70,800006
ANELLO H 40 PER POZZETTO 125x80,800007
ANELLO H 50 PER POZZETTI - D150,971124
Anello prolunga h 20 per pozzetto int. 125x80,800005
Anello Prolunga Telecom 90x70 h 20 cm cls,971153
ANGOLARE DA 1MT X PILASTRO FOND. 101/.. N° 8,101C
ANGOLARE DA 1MT X PILASTRO FOND. 102/.. N° 8,102C
ANGOLARE DA 1MT X PILASTRO FOND. 103/.. N° 8,103C
ANGOLARE DA 1MT X PILASTRO FOND. 104/.. N° 8,104C
ANGOLARE DA 1MT X PILASTRO FOND. 105/..N° 8,105C
ANGOLARE DA 1MT X PILASTRO FOND. 106/.. N° 8,106C
ANGOLARE DA 1MT X PILASTRO FOND. 107/.. N° 8,107C
ANGOLARE DA 1MT X PILASTRO FOND. 108/.. N° 8,108C
ANGOLARE DA 1MT X PILASTRO FOND. 110/.. N° 8,110C
ANGOLARE DA 1MT X PILASTRO FOND. 111/.. N° 8,111C
ANGOLARE DA 1MT X PILASTRO FOND. 112/.. N° 8,112C
Anima A CUNEO Ø 12.6 - 14.3 mm,977009
Anima A CUNEO Ø 14.4 - 16.1 mm,977010
Anima A CUNEO Ø 16.2 - 18.2 mm,977018
Anima A CUNEO Ø 18.3 - 20.4 mm,977011
Anima A CUNEO Ø 20.5 - 22.5 mm,977012
Anima A CUNEO Ø 22.6 - 24.5 mm,977013
Anima A CUNEO Ø 24.5 - 26.9 mm,977014
Anima A CUNEO Ø 29.5 - 32 mm,977015
Anima A CUNEO Ø 30.1 - 32.5 mm,977016
Anima A CUNEO Ø 9.0 - 10.7 mm,977017
Anima CONDUTTORE Ø 12.5 - 14 mm,977019
Anima CONDUTTORE Ø 14 - 15.5 mm,970340
Anima CONDUTTORE Ø 15.5 - 17 mm,977020N
Anima CONDUTTORE Ø 17 - 18.5 mm,977022N
Anima CONDUTTORE Ø 18.5 - 20 mm,977023N
Anima CONDUTTORE Ø 19.5 - 21 mm,977024
Anima CONDUTTORE Ø 20 - 21.5 mm,977025N
Anima CONDUTTORE Ø 21.5 - 23 mm,970341
Anima CONDUTTORE Ø 22.5 - 24 mm,977026
Anima CONDUTTORE Ø 24 - 25.5 mm,970342
Anima CONDUTTORE Ø 25.5 - 27 mm,977027N
Anima CONDUTTORE Ø 27 - 28.5 mm,977028N
Anima CONDUTTORE Ø 28.5 - 30 mm,977029N
Anima CONDUTTORE Ø 30 - 31.5 mm,977030
Anima CONDUTTORE Ø 30 - 32 mm,977031N
Anima CONDUTTORE Ø 31.5 - 33 mm,977032N
Anima CONDUTTORE Ø 33 - 34.5 mm,977033
Anima F.O. Ø 10.5 mm,977034
Anima F.O. Ø 11.5 mm,977035
Anima F.O. Ø 12.5 - 12.6 mm,977036
Anima F.O. Ø 13.1 mm,977037
Anima F.O. Ø 15 mm,977038
Anima F.O. Ø 15.5-16.5 mm,970457
Anima F.O. Ø 17.9 mm,977039
Anima F.O. Ø 22.6 mm,970194
ANTENNA RIPETITORE DIGITALE UHF,979024
"ANTICADUTA BLOCFOR TRACTEL TESSILE 6 m CON ASSORBITORE
Magazzino CONTROLLO   A,970084"
ANTICADUTA MOBILE ANTICHUTE ASAP LOCK Petzl (Slittino anticaduta per linea vita) - dotazione FRANCIA,970002
ANTICADUTA RETRATTILE C/FUNE ACCIAIO + GANCIO 10 m MOD. COBRA - CAMP SAFETY,970315
ANTICADUTA RETRATTILE C/FUNE ACCIAIO + GANCIO 15 m,970316
ANTICADUTA RETRATTILE C/FUNE ACCIAIO + GANCIO 20 m,881789
ANTICADUTA RETRATTILE C/FUNE TESSUTO + GANCIO 15 m,970283
ANTIRUGGINE BOMB.SPRAY PRIMER,60100K007
Archetto Ferro 300 mm,881300
Arcolaio per mono e tritubo,A666666A20
Argano da 1600 160 kN peso 6.000 kg,881719AA1600
Argano da 2500,881719A25
Argano da 8000,881719AA8000
Argano Freno 2500,881719A2500
Argano Freno 4500,881719A4500A
Argano Freno 4500 pochi giri,881719A4500
Argano Freno 5000 con avvolgitore,881719AA5000
Argano Freno 5000 senza avvolgitore,881719A5000
Argano Freno 6000,881719A6000A
Argano Freno 8000,881719A8000
Argano FRENO 90 kN,881719A9000
Argano Freno Binato 1X140 kN 2X70 kN,881719A140A70
Argano Freno Quadrinato 12000 kN,881719A12000
Argano Idraulico 3000 kN Tesmec,881719A3000
Argano posacavi Alta tensione AT 70 kN 7000,881719A7000
Argano SCOMPONIBILE ELITRASPORTABILE,881719A9999
Argano Volta Macchine VM15000DLEU verde,881719AA15000
ASSORBITORE ASAP'SORBER 20CM-LANYARD - P-L071AA00,970272
ASSORBITORE ENERGIA CON INDICATORE,SE0000270
AVVITATORE AD IMPULSI ELETTRICO,881044
BACINELLA-catino,970395
BADILE- (ANCHE 977049 "BADILE CON MANICO IN LEGNO"DA INVENTARIO CON GIACENZA),991540
BANCO PRESSA 110,979005
BANCO PRESSA 55,979057
BANDIERA ARANCIONE,977050
BANDIERA SEGNALAZIONE PERICOLO DI MORTE,977051
BANDIERINA GIALLA MESSA A TERRA,970167
BANDIERINE DI SEGNALAZIONE,971043
BARCHETTA DI SOSP. PER F.O.,978004
BARCHETTA DI SOSPENSIONE PER F.D.G.(LM 503),978005
BARRA /1 PER ACCOMPAGNAMENTO CALATA F.O.,978006
BARRA /2 PER ACCOMPAGNAMENTO CALATA F.O.,978007
BARRA /3 PER ACCOMPAGNAMENTO CALATA F.O.,978008
BARRA /4 PER ACCOMPAGNAMENTO CALATA F.O.,978009
BARRA FILETTATA M22 DA 1 m,978012
BARRA FILETTATA M6 1 m,880158
BARRA FILETTATA Ø 10 INOX A2 L=1 m,881788
BARRA FILETTATA Ø 14 INOX A2 L= 1 m,881979
BARRA FILETTATA Ø 16 INOX A2 L=1 m,882445
BARRA FILETTATA ZINCATA M10 1 m,880160
BARRA FILETTATA ZINCATA M12 1 m,880161
BARRA FILETTATA ZINCATA M20 1 m,881787
BARRA FILETTATA ZINCATA M8 1 m,880159
BARRA MAGNETICA PORTA UTENSILI,970333
BARRA RAME 3 X 0.4 cm da 2 m,971310
BARRA RAME 4 X 0.7 cm da 0.90 cm,971311
BARRA RAME 60X10 L=10,971050
BARRE ACC.FE37 TRAF.TONDE Ø  8,3703008
BARRE FILET.DIN975-4.8 14MA NO,230750009
BATTERIA PER ATTREZZI HILTI,977666A3
BATTERIA PER LAMPADA STRADALE,991926
BATTERIA PUNZONATRICE A BATTERIA,990933A2
BATTERIA RADIO MIDLAND,882599A3
BATTERIA RADIO MOTOROLA,882599A2
BATTERIA RICARICABILE CB3662L,971197
BATTERIA STAZION. TOT. SOKKIA TBDC35A,970269
BATTERIA TRAPANO AVVITATORE HIKOKI,970190A4
BATTERIE AL LITIO RADIO RICETR. MIDLAND G18 PRO,970159
BETONCINO SACCHI,SE0000295
BETONIERA BUTTI BENNA CLS 500 l,979036
BICI CONDUTTORE singolo,977053A2
BICI CONDUTTORE TRINATO,977053A1
Bidone tanica metallo per Combustibile 10 l,978001A10
BIFILARE PER CONDUTTORE 21.5/26,978018
BIFILARE PER CONDUTTORE 22.8/22.8,978019
BIFILARE PER CONDUTTORE 22.8/31.5,978020
BIFILARE PER F.O.,978021
BIG BAG FONDO CHIUSO (sacconi per elicottero),971056
BILANCERE COMPLETI 150 kV (LM362/2),978022
BILANCERE COMPLETI 220 kV (LM 370/2),978023
bilancino modulare sollevamento componenti 12 t,979045
bilancino modulare sollevamento componenti 6 t,979044
BINDA IDRAULICA portata 5000 kg 5 t,763767
BINOCOLO,880917
BLOCCHETTO IN CLS,880296
BLOCCHI BASI PER ORSOGRIL orsogrill,999509
BOBINA FUNE NYLON Ø 10 mm da 200 m,977058
BOBINA FUNE NYLON Ø 10 mm da 800 m,970343
BOBINA FUNE NYLON Ø 8 mm da 300 m,977055
BOBINA UNIFICATA RECUPERO ROTTAME DA Ø 140 cm,970059
BOBINE FUNE NYLON Ø 6 mm da 70 m,SE0000313
BOMBOLETTA OLIO DA TAGLIO spray 400 ml,971001
BOMBOLETTA SPRAY LUBRIFICANTE,882696
BOMBOLETTA ZINCO SPRAY,883687
BORSA CARPENTIERE nera pelle con due ganci in metallo,991210
BORSA CONTENITORE DPI,882227
BORSA IN PVC PORTASTAMPI CON BRETELLA,970081
Borsa porta atrezzi STANLEY,995957
BORSA PORTA ATTREZZI 4 l,970229
Box ttrezzatura,993370A1
Box ufficio,993370
Bullone 10X25 ZN,978031
Bullone 10X35 ZN,978032
Bullone 10x60,880446
Bullone 12X120,880654
Bullone 12X40,978034
Bullone 12X45,978035
Bullone 12X55,978036
Bullone 12X60,978037
Bullone 12X65,971266
Bullone 14X45,971267
Bullone 14X60,978040
Bullone 16X50,978043
Bullone 16X60,978044
Bullone 18X60,978047
Bullone 18X70,978048
Bullone 18X80,971268
Bullone 20X100,971269
Bullone INOX 14X40,881858
Bullone zincato a caldo 18 x 65,971399
Bullone zincato a caldo 18X60,978047N
BULLONI FONDAZIONE 101/..  N°50 16X40 + N°48 20x45,101B
BULLONI FONDAZIONE 102/..  N°40 16X40,102B
BULLONI FONDAZIONE 103/..  N° 40 16X40,103B
BULLONI FONDAZIONE 104/..  N° 40 16X40,104B
BULLONI FONDAZIONE 105/..  N° 40 16X40,105B
BULLONI FONDAZIONE 106/..  N° 40 16X40,106B
BULLONI FONDAZIONE 107/..  N° 40 16X40,107B
BULLONI FONDAZIONE 108/..  N° 40 16X40,108B
BULLONI FONDAZIONE 109/..  N° 40 16X40,109B
BULLONI FONDAZIONE 110/..  N° 40 16X40,110B
BULLONI FONDAZIONE 111/..  N° 40 16X40,111B
BULLONI FONDAZIONE 112/..  N° 40 16X40,112B
Bussola ATT. 1" 34 mm,970215
Bussola ATT. 1" 36 mm,970216
Bussola ATT. 1" 41 mm,970217
Bussola ATT. 1" 46 mm,970218
Bussola ATT. 1" 50 mm,970219
Bussola Ø 10 esagonale 1/2",991280
Bussola Ø 11 esagonale 1/2",998329
Bussola Ø 12 esagonale 1/2",970302
Bussola Ø 13 esagonale 1/2" ,991281
Bussola Ø 14 esagonale 1/2",970304
Bussola Ø 15  esagonale 1/2",970305
Bussola Ø 16 esagonale 1/2",970306
Bussola Ø 17 esagonale 1/2" ,991282
Bussola Ø 18 esagonale 1/2",970308
Bussola Ø 19 esagonale 1/2",991283
Bussola Ø 20 esagonale 1/2",977072
Bussola Ø 21 esagonale 1/2",970310
Bussola Ø 22 esagonale 1/2",991284
Bussola Ø 23 esagonale 1/2",977076
Bussola Ø 24 esagonale 1/2",881255
Bussola Ø 25 esagonale 1/2",977078
Bussola Ø 26 esagonale 1/2",977079
Bussola Ø 27 esagonale 1/2",991286
Bussola Ø 28 esagonale 1/2",998339
Bussola Ø 30 esagonale 1/2",998343
Bussola Ø 32 esagonale 1/2",977084
Bussola Ø 32 esagonale 3/4",994069
Bussola Ø 34 esagonale 1/2",977086
Bussola Ø 36 esagonale 1/2",977087
Bussola Ø 41 esagonale 1/2",970210
Bussola Ø 41 esagonale 3/4",970301
Bussola Ø 46 esagonale 3/4",977091
Bussola rinf l 95 mm Ø 46 da 3/4",970231
Bussola rinf Ø 36 esagonale 3/4" - l 95 mm,991287
Bussola RINF. 50 3/4",970232
Bussola SC SM SPX,971171
CACCIAVITE A CROCE,977093
CACCIAVITE A TAGLIO,977094
CACCIAVITE esagonale 20X10,881250
CALDARELLA DA MURATORE,977102N
Calibro classico,977103
Calibro Digitale,970236
Calza di testa RINFORZATA CONDUTTORE Ø 17-29 mm Rossa,994137
Calza di testa RINFORZATA CONDUTTORE Ø 29-38 mm  Verde,970003
Calza di testa RINFORZATA CONDUTTORE Ø 8-17 mm Gialla,977111
Calza Doppia RINFORZATA GIUNZIONE CONDUTTORE Ø 17-29 mm Rossa,970005
Calza Doppia RINFORZATA GIUNZIONE CONDUTTORE Ø 29-38 mm Verde,970004
Calza Doppia RINFORZATA GIUNZIONE CONDUTTORE Ø 8-17 mm Gialla,970006
CANALETTA PVC CH.C.COP. 75X75,20105K006
CANALETTA VTR ENEL R.50 da 3 m C/ASOLE BANDIT,994536
CANNELLO A GAS PORTATILE,977117
CANNELLO A GAS RICARICABILE,881366
CANNELLO A GAS ROTHEMBERGER CON BOMBOLA,977118
CAPICORD.BIM.MT ELICORD 120 mm² M12 C/INSERTO RAME,999749
CAPICORD.BIM.MT ELICORD 240 mm² M12 C/INSERTO RAME,999750
CAPICORDA CEMBRE NUDO 50  mm² FORO 12,978083
CAPICORDA MECC. CAVO 95-240,SE0000278
CAPICORDA OCCHIELLO NUDO 95 mm² Ø 12,S70007466
CAPICORDA RAME COLLETTO LUNGO Ø 95  mm²  Ø 10 mm,971307
CAPICORDA RAME Ø 25  mm² Ø 10,971305
CAPICORDA RAME Ø 35-12,978085
CAPICORDA RAME Ø 50-12,978086
CAPICORDA RAME Ø 70  mm² Ø 10 mm,971306
CAPICORDA RAME Ø 70 mm²-M12,978087
CAPICORDA RAME Ø 70 mm²-VITE 14 mm,978088
CAPICORDA RAME Ø 95-12,978089
CAPOCORDA COLLET. LUNGO SEZ. 120 mm²,971420
CAPOCORDA COLLETTO LUNGO SEZ.150 mm² VITE 14,971315
CAPOCORDA SER. MEC SEZ. 185-400 mm² CONDUT. CU/AL,971030
CAPOCORDA SER. MEC SEZ. 240-400 mm² CONDUT. CU/AL,971036
capocorda sez 25 mm² vite 12 mm,971402
capocorda sez 50 mm² vite 12 mm,971403
CAPOCORDA SEZ. 240 mm² VITE 16 mm,971049
CAPOCORDA SEZ.120 mm² VITE 10 mm CEMBRE A24-M10,S70012782
CAPOCORDA SEZ.240 mm² VITE 12 mm,S70015458
CAPPELLO CIMINO TRALICCIO,978095
CARICA BATTERIA RADIO MIDLAND,882599A5
CARICA BATTERIA RADIO MOTOROLA,882599A4
Carica batteria TRAPANO AVVITATORE HIKOKI,970190A3
CARICABAT. STAZION. TOT. SOKKIA TBCDC40,970271
CARICABATTERIA PER ATREZZI HILTI STANDARD PER TUTTI,977666A2
Caricabatterie per Punzonatrice a batteria,990933A
CARRIOLA IN FERRO RUOTA PNEUMATICA,991815
CARROZINO A Y GRANDI,
CARROZINO ANGOLARE,
Carrozzino 2 RUOTE PALI SOSP.C/PROTEZ.RUOTE,994187
Carrozzino angolare posa cavo,977121
Carrozzino ANTISTRAPPO A 2 GIREVOLI (DOPPIO) NERO trinagolare,977123
Carrozzino COASSIALE DOPPIO RULLO VERTICALE,970117
Carrozzino di Escursione,977124
Carrozzino DOPPIO PER COASSIALE SU FUNI DI GUARDIA E CONDUTTORI RUOTA DA 60 VERDI ruote distanziate,977126
Carrozzino DOPPIO PER COASSIALE SU FUNI DI GUARDIA E CONDUTTORI RUOTA DA 80 NERI,97712A80
Carrozzino DOPPIO PER COASSIALE SU FUNI DI GUARDIA RUOTA DA 60 VERDI ruote vicine,977126A
Carrozzino LINEARE POSA CAVO,977125
Carrozzino POSA CAVO GRANDI A Y,977127
Carrozzino POSA CAVO PICCOLI A Y,977128
Carrozzino PRECORDATO,977124A1
Carrozzino PROTEZIONE RUOTA SINGOLA CON GANCIO ( 2 5 6 7 ) ruota da 60,A666666A11
Carrozzino SINGOLO POSA CAVI,977129
carrucola antistrappo sist apert sgancio wl 26kN bl 78 kN,979039
Carrucola Ø 1000 mm Gola LARGA 95 mm  senza protezione,979015
Carrucola Ø 350 mm Gola STRETTA 48 mm con protezione,979015A350
Carrucola Ø 500 mm Gola STRETTA 68 mm senza protezione,979015A500
Carrucola Ø 500 mm Gola STRETTA 68 mm con protezione ,979015A501
Carrucola Ø 650  mm CON MESSA A TERRA ( si usano all'estero Francia ),979028
Carrucola Ø 650  mm Gola STRETTA 68  mm con protezioni,979015A603
Carrucola Ø 650 mm Gola STRETTA 68 mm senza protezione ,979015A600
Carrucola Ø 650L mm Gola LARGA 95 mm senza protezione,979015A601
Carrucola Ø 800 mm Gola STRETTA 68 mm  senza protezione  ex codice 979015A800,979033
Carrucola Ø 800L mm Gola LARGA PER ELICOTTERO,979016
Carrucola Ø 800L mm Gola LARGA  95 mm senza protezione  ,979015A802
carrucola rinvio ruota plastica -diam 185 mm -50 kN- fune 28 mm peso 12 kg,970476
CARRUCOLA STEND.CONDUTT.RUOTA ALL.C/GANC.SICUR,995534
carta assorbente economica in rotolo,998205
carta vetrata,991397
Cartello 60x40 "inizio cantiere",991897
Cartello a righe diagonali bianche e rosse per cantiere barriera di delimitazione,991909A1
Cartello carichi sporgenti all.500x500,991980
Cartello carico sporgente,881364
Cartello corsia unica/deviazione,991905
Cartello da cantiere "cavi in tensione" anche codice 971177,977131
Cartello da cantiere 11 simboli ,977132N
Cartello da cantiere con unico pittogramma  vietato accesso a persone non autorizzate,S70013172
Cartello dare precedenza senso unico alternato,977152
Cartello deliniat. modul. curva prov.,977134
Cartello diritto di  precedenza senso unico alternato,977152A1
Cartello divieto di accesso ,991880
Cartello divieto di fermata ,977136
Cartello divieto di sorpasso,977137
Cartello divieto di sosta,977138
Cartello divieto di transito d.60,991882
Cartello ferro 60x90 "strada chiusa",970484
Cartello ferro 90x60 "percorso alternativo",970485
Cartello ferro 90x60 "strada chiusa",970483
Cartello fine cantiere,977139
Cartello fine divieto,977140
Cartello inizio cantiere,977141
Cartello lavori in corso,991870
Cartello limite 10 km/h,977143
Cartello limite 20 km/h,977144
Cartello limite 30 km/h,977145
Cartello limite 50 km/h,977146
Cartello limite 70 km/h,977147
Cartello obbligo di direzione obbligatoria anche codice,977148
Cartello pedoni sul lato opposto,S90004245
Cartello pericolo generico anche codice,977149
Cartello pericolo rifac. segnali strad.,977150
Cartello polionda 60x40 scavi pericoloso avvicinarsi,971165
Cartello restringimento carreggiata anche codice,977151
Cartello segnalazione estintore,970203
Cartello segnalazione linea cavo at,971177
Cartello strada chiusa,977153
Cartello strada deformata l.90 (giallo),999485
Cartello stradaledirezione obbligatoria,991940
Cartello strettoia,991885
Cartello trasporto eccezionale,977154
Cartello triang. 90 "altri pericoli",970504
Cartello vietato l'ingresso,977155
"CASCO KASK ZENITH antifortunistico lavori in quota con sottogola
Magazzino CONTROLLO   A,970031"
CASCO SKYLOR PLUS CAMP antifortunistico con sottogola,998587
Cassa isolatori in vetro verniciato,978098
Cassa legname per premontaggio pali,978099
casseri circolari ø 100 cm da 200 cm,977158
Casseri circolari ø 100 cm da 240 cm,977159
Casseri circolari ø 70 cm da 240 cm,977162
Casseri circolari ø 70 cm da 50 cm,977160A1
Casseri circolari per fondazioni diametro 80 cm. h 180,970346
CASSERI CIRCOLARI PILASTRO D80XH180,977163A
CASSERI FONDAZIONE 102/230 (170.150.110-H230),102/230
CASSERI FONDAZIONE 102/240 (170.150.110-H240),102/240
CASSERI FONDAZIONE 102/250 (170.150.110-H250),102/250
CASSERI FONDAZIONE 102/260 (170.150.110-H260),102/260
CASSERI FONDAZIONE 102/280 (170.150.110-H280),102/280
CASSERI FONDAZIONE 103/240 (210.190.150.110-H240),103/240
CASSERI FONDAZIONE 103/250 (210.190.150.110-H270),103/250
CASSERI FONDAZIONE 103/260 (210.190.150.110-H260),103/260
CASSERI FONDAZIONE 103/270 (210.190.150.110-H270),103/270
CASSERI FONDAZIONE 103/275 TP (210.190.150.110-H275),103/275
CASSERI FONDAZIONE 103/280 (210.190.150.110-H280),103/280
CASSERI FONDAZIONE 103/295 TP (210.190.150.110-H295),103/295
CASSERI FONDAZIONE 103/300 (210.190.150.110-H300),103/300
CASSERI FONDAZIONE 103/305 TP (210.190.150.110-H35),103/305
CASSERI FONDAZIONE 103/310 (210.190.150.110-H310),103/310
CASSERI FONDAZIONE 103/325 TP (210.190.150.110-H325),103/325
CASSERI FONDAZIONE 103/335 TP (210.190.150.110-H335),103/335
CASSERI FONDAZIONE 104/240 (250.230.190.150.110-H240),104/240
CASSERI FONDAZIONE 104/280 (250.230.190.150.110-H280),104/280
CASSERI FONDAZIONE 104/290 (250.230.190.150.110-H290),104/290
CASSERI FONDAZIONE 104/300 (250.230.190.150.110-H300),104/300
CASSERI FONDAZIONE 104/305 TP (250.230.190.150.110-H305),104/305
CASSERI FONDAZIONE 104/310 (250.230.190.150.110-H310),104/310
CASSERI FONDAZIONE 104/315 TP (250.230.190.150.110-H315),104/315
CASSERI FONDAZIONE 104/320 (250.230.190.150.110-H320),104/320
CASSERI FONDAZIONE 104/355 TP (250.230.190.150.110-H355),104/355
CASSERI FONDAZIONE 105/320 (290.270.230.190.150.110-H320),105/320
CASSERI FONDAZIONE 105/325 TP (290.270.230.190.150.110-H325),105/325
CASSERI FONDAZIONE 105/330 380KV (290.270.230.190.150.110-H330),105/330
CASSERI FONDAZIONE 105/335 TP (290.270.230.190.150.110-H335),105/335
CASSERI FONDAZIONE 105/340 380KV (290.270.230.190.150.110-H340),105/340
CASSERI FONDAZIONE 105/345 TP (290.270.230.190.150.110-H345),105/345
CASSERI FONDAZIONE 105/360 (290.270.230.190.150.110-H360),105/360
CASSERI FONDAZIONE 106/340 380KV (330.310.270.230.190.150.110-H340),106/340
CASSERI FONDAZIONE 106/350 (330.310.270.230.190.150.110-H350),106/350
CASSERI FONDAZIONE 106/360 TP (330.310.270.230.190.150.110-H360),106/360
CASSERI FONDAZIONE 106/365 TP (330.310.270.230.190.150.110-H365),106/365
CASSERI FONDAZIONE 107/300 220KV (370-340.310.270.230.190.150.110-H300),106/300
CASSERI FONDAZIONE 107/305 TP (370-340.310.270.230.190.150.110-H305),106/305
CASSERI FONDAZIONE 107/320 220KV (370-340.310.270.230.190.150.110-H320),106/320
CASSERI FONDAZIONE 107/340 220KV (370-340.310.270.230.190.150.110-H340),107/340
CASSERI FONDAZIONE 107/390 380KV (370-340.310.270.230.190.150.110-H390),106/390
CASSERI FONDAZIONE 108/340 380KV (450-410.370.330.290.250.210.190.150.110-H340),108/340
CASSERI FONDAZIONE 108/345 TP (450-410.370.330.290.250.210.190.150.110-H345),108/345
CASSERI FONDAZIONE 108/350 380KV (450-410.370.330.290.250.210.190.150.110-H350),108/350
CASSERI FONDAZIONE 108/360 380KV (450-410.370.330.290.250.210.190.150.110-H360),108/360
CASSERI FONDAZIONE 110/300 220KV (250.230.190.150.110-H300),110/300
CASSERI FONDAZIONE 110/340 2220KV (250.230.190.150.110-H340),110/340
CASSERI FONDAZIONE 110/385 TP (260.230.190.150.110-H385),110/385
CASSERI FONDAZIONE 111/310 380KV (250.230.190.150.110-H310),111/310
CASSERI FONDAZIONE 111/330 220KV (290.270.230.190.150.110-H310),111/330x
CASSERI FONDAZIONE 111/330 380KV (250.230.190.150.110-H330),111/330
CASSERI FONDAZIONE 111/345 TP (370.350.310.270.230.190.150.110-H345),111/345
CASSERI FONDAZIONE 111/360 380KV (250.230.190.150.110-H360),110/360
CASSERI FONDAZIONE 112/320 380KV (290.270.230.190.150.110-H320),112/320
CASSERI FONDAZIONE 112/340 380KV (290.270.230.190.150.110-H340),112/340
CASSERI FONDAZIONE 112/380 220KV (370.350.310.270.230.190.150.110-H380),112/380
CASSERI FONDAZIONE 112/405 TP (450.430.390.350.310.270.230.190.150.110-H405),112/450
Casseri fondazione piramidale l. 1.10 m,977163
Casseri fondazione piramidale l. 1.50 m,977164
Casseri fondazione piramidale l. 1.90 m,977166
Casseri fondazione piramidale l. 2.10 m,977167
Casseri fondazione piramidale l. 2.30 m,977168
Casseri fondazione piramidale l. 2.50 m,977169
Casseri fondazione piramidale l. 2.70 m,977170
Casseri fondazione piramidale l. 2.90 m,977171
Casseri fondazione piramidale l. 3.10 m,977172
Casseri fondazione piramidale l. 3.50 m,977174
CASSERI FONDAZIONE UNICA 101/220 (150.130.110-H220),101/220
CASSERI FONDAZIONE UNICA 101/230 (150.130.110-H230),101/230
Casseri fondazione unica l. gradini 170-150-110,970347
Casseri in lamiera ø 180 cm,970421
Casseri in lamiera ø 220 cm,970422
CASSETTA COLLEGAM. MESSA A TERRA O.EKE-1L,971396
CASSETTA DI PRONTO SOCCORSO GRANDE Uffici ,992101
CASSETTA DI PRONTO SOCCORSO PICCOLA Mezzi,992100
Cassetta portachiavi 150 ganci cod. A158754,S70013228
CASSONE FISSO ALLUMINIO,979034
CATENA PVC BIANCA/ROSSA,881374
catena segnaletia pvc gialla e nera 25 m larghezza 6  mm,970480
CATENA SOLLEVAM. Ø 10 mm da 42.5 q,970277
CATENA SOLLEVAM. Ø 16 mm da 112 q,970276
CATENA SOLLEVAM. Ø 8  mm 35.5 q,970278
CATENA SOLLEVAM. Ø 8 mm da 28 q,970319
CAVALLETTI ALZABOBINA 100 kN CON COPPIA DI RAGNI. ASTA E CHIAVI,979000
CAVALLETTI ALZABOBINA 70 kN CON COPPIA DI RAGNI. ASTA E CHIAVI,995798
CAVALLETTO A CULLA PER BOBINE,970233
CAVALLETTO PER SEGNALE STRADALE 120 cm,991970
CAVALLETTO X CARTELLO STRADALE 150x200,991973
CAVIDOTTO DOPPIA PARETE DIAMETRO 160 CR10160G4,S70014762
CAVO A2XS (FL) 2Y 1X400 RM/105 - 87/150kV,971391
CAVO ACCIAIO ANCHOR CABLE 100 CM,970140
Cavo Armato TOL6D 48 4 (1\2 Sm G.652D) T/MVH9M,971452
CAVO AT XLPE 1X630 - 220kV,971364
CAVO ECC GN1X240DB mm²,971371
CAVO FG16OR16 2X10 mm²,980154
CAVO FG16OR16 2X4 mm²,980158
cavo fs 17 450/750V 1 x 50 g/V 1021/6018,971404
CAVO FS17 1X35  mm² G/V,980257
CAVO GO mmA 3G 2.5 mm² NERO,971047
CAVO MAT EC: g1X95DB mm²,971372
CAVO TOL6D 48 4 (12 SM G.652D) T/MVM,971244
CAZZUOLA DA MURATORE,990970
CEMENTO SACCO 25 kg,971321
CENTRALINA PRESSA completa di tubi 6 m,993168
Cesta da cantiere contenitore arancione rollway,970424
CESTINO/BIDONE PORTA RIFIUTI,999354
CHIAVE 1000V DINAMOMETRICA -1/2-20N m,S90000248
CHIAVE A BRUGOLA 10 mm,992524
CHIAVE A CRICCHETTO 1/2",977177
CHIAVE A CRICCHETTO DA 3/4,970114
CHIAVE A CRICCHETTO REVERSIBILE 1/2" 48DENTI,993527
CHIAVE A RULLINO 250 mm,992545
CHIAVE A RULLINO 375 mm,992544
CHIAVE APERTURA CHIUSINI INNEST.MEZZALUNA(SINGOLA),990802
CHIAVE Bussola Ø 50 lunghezza 108 mm,970451
CHIAVE Bussola Ø 60 lunghezza 108 mm,970450
CHIAVE Bussola telaio per bussole attacco 1/2" ,991270
CHIAVE C/CRICCO P/COD.RAD. ROTH,760009
Chiave combinata Ø 10,881542
Chiave combinata Ø 13,881660
Chiave combinata Ø 14,881661
Chiave combinata Ø 15,977190
Chiave combinata Ø 16,977191
Chiave combinata Ø 17,881662
Chiave combinata Ø 18,977194
Chiave combinata Ø 19,881663
Chiave combinata Ø 22,881266
Chiave combinata Ø 24,881543
Chiave combinata Ø 27,881668
Chiave combinata Ø 30,881667
Chiave combinata Ø 32,881264
Chiave combinata Ø 34,970211
Chiave combinata Ø 36,881263
Chiave combinata Ø 41,970212
Chiave combinata Ø 46,970213
Chiave combinata Ø 46/50,998324
Chiave combinata Ø 50,970214
Chiave combinata Ø 55,977212
Chiave combinata Ø 60,977213
Chiave combinata Ø 65,977214
CHIAVE DINAMOMETRICA,881210
CHIAVE DINAMOMETRICA 1/2" 10-60N m,970289
CHIAVE DINAMOMETRICA 1/2" 42-210 N m,970226
CHIAVE DINAMOMETRICA 1/2" 60-340N m,970290
CHIAVE DINAMOMETRICA 1/2" N m35/350,995733
CHIAVE DINAMOMETRICA 10-100 N m,970348
CHIAVE DINAMOMETRICA 20-100 N m,970349
CHIAVE DINAMOMETRICA 3/4 reversibile n 140-980 N m Arroweld,970501
CHIAVE DINAMOMETRICA 3/4" 100-500N m,970227
chiave dinamometrica xxxx,970249
CHIAVE ELETTRONICA PER RILEVAZIONE PRESENZE,992533
Chiave fissa 14/15,977215
Chiave fissa 16/17,991309
Chiave fissa 17/19,881670
Chiave fissa 20/22,991316
Chiave fissa 30/32,881675
Chiave fissa 30/36,991304
Chiave fissa 40/45,881721
Chiave fissa Ø 38,977219
CHIAVE PER APERTURA POZZETTO,977224
CHIAVE REVERSIBILE 4 MISURE 13-17/19-22,977225
CHIAVETTE FONDAZIONE 102/..  N°24X4,102A
CHIAVETTE FONDAZIONE 103/..  N°32X4,103A
CHIAVETTE FONDAZIONE 104/..  N°40X4,104A
CHIAVETTE FONDAZIONE 105/..  N°48X4,105A
CHIAVETTE FONDAZIONE 106/..  N°56X4,106A
CHIAVETTE FONDAZIONE 107/..  N°64X4,107A
CHIAVETTE FONDAZIONE 108/..  N°80X4,108A
CHIAVETTE FONDAZIONE 110/..  N°40X4,110A
CHIAVETTE FONDAZIONE 111/..  N°64X4,111A
CHIAVETTE FONDAZIONE 112/..  N°80X4,112A
CHIODI A PUNTA 3.5X80 mm,60309K018
CHIODI IN FERRO DA 6 cm (PACCO DA 2/5 kg) anche codice (W00800100) per neutro su co mmessa quando non fa giacenza,60309K016
CHIODO ACCIAIO 70 mm 1 kg,971112
CHIUSINO 100X100 CARRABILE,978111
CHIUSINO 120X120 CARRABILE,978112
CHIUSINO D150 COMPL. DI BOTOLA,971125
Chiusino D400 106x70,996979
CHIUSINO D400 1090X1090(LUCE 100X100) NEUTRO,S90007862
CHIUSINO D400 40X40 (LUCE)  QUADRATO (GHISA),994515
CHIUSINO D400 50x50 cod. R4005050,S90006161
CHIUSINO D400 60X120 4 COP. ANONIMO,S90004080
Chiusino D400 700X700 (LUCE 600X600) ANONIMO,996788
Chiusino D400 70X80 ,996194
CHIUSINO D400 90X90(LUCE 80X80) "CAVI ELETTRICI",S90000731
CHIUSINO ENEL D400 700X700(LUCE600x600)ISPEZ.,995704
CHIUSINO IN GHISA 90X90 CARRABILE,971328
CHIUSINO Ø 400 60X60 QUADRATO (GHISA),996907
CIANFRINO - PUNTA EXCALIBUR,977226
CINGHIA A CRICCHETTO X CASSONETTO,882580
CLEANBUDS CORPO PLASTICA/TESTA SPUGNA 100PZ,971432
CLS - CEMENTO 425,997061
CLS - CEMENTO PRONTA PRESA,997062
COLLANTE PER PISTOLA,998086
COLLARE PER TUBI 24-28 mm SEM 5605/28,S70011685
COLLARE RAME D.14 C/TASSELLO,971421
COLLARE X FISS. CAVI 50-240,SE0000277
COLLARE ZAVORRA PROTEZ. STRADALE,970184
COLLARI PLASTICA CABLE CLAMP SE 100 - 135,971285
COLONNINO CALATA F.O.,978114
COLONNINO PER PALO GATTO,978116
COLTELLO CUTTER 18 mm,971079
COMPLETO CERATA ANTIPIOGGIA,970300
CONO PVC 50 CM BIANCO ROSSO 992127 birillo,991900
CONSOLE DI COMANDO PER ARGANO,979003
CONTENITORE BINS IN PLASTICA,970118
CONTRAPPESI DA 50 kg CEE,971401
CONVERTITORE ELETTRICO PER AGO VIBRANTE,970449
COPERTINE PER CAVO INTERRATO,978123
COPERTURA CUNICOLO IN LAMIERA 30/10 BUGN. ZINC.,971116
COPIA DI RAGNI CAVALETTO ALZABOBINA DA 70,995798A2
COPPIA CROCIERE BOB. 062 FORO Ø 52,970261
COPPIA DI GUANTI ISOLANTI,977230
COPPIA GUAINE CUNEO,970238
COPPIA GUAINE X MORSET. CONDUTTORE ALL.,970170
COPPIA MATRICE-PUNZONE X FORO Ø 10.5,971187
COPPIA MATRICE-PUNZONE X FORO Ø 11,971188
COPPIA MATRICE-PUNZONE X FORO Ø 13,971189
COPPIA MATRICE-PUNZONE X FORO Ø 13.5,971190
COPPIA MATRICE-PUNZONE X FORO Ø 14,971191
COPPIA MATRICE-PUNZONE X FORO Ø 15,971192
COPPIA MATRICE-PUNZONE X FORO Ø 17,971193
COPPIA MATRICE-PUNZONE X FORO Ø 19,971194
COPPIA MATRICE-PUNZONE X FORO Ø 21,971195
COPPIA MATRICE-PUNZONE X FORO Ø 6.5,971184
COPPIA MATRICE-PUNZONE X FORO Ø 8.5,971185
COPPIA MATRICE-PUNZONE X FORO Ø 9,971186
Copri giunto in gomma con estremita gialla,A666666A16
Copri giunto in gomma con estremita nera grosso,A666666A39
CORDA GRILLON HOOK 2 m,970428
CORDA RAME NUDA 1X70  mm²,881429
CORDA RAME NUDO 120 mm²,971046
CORDA RAME NUDO 95  mm²,971048
CORDINI IN NYLON PER PROTEZIONE PARALLELE,A666666A13
CORDINO DA 1 m PER LINEA VITA MOD. JANE-1,977231
CORDINO DI POSIZIONAMENTO CON GANCIO SINGOLO CAMP,970350
CORDINO DI POSIZIONAMENTO ROPE ADJUSTER CAMP,977233
CORDINO LANYARD GRILLON HOOK 2 m,882051
Cordino posizionamento  LANYARD GRILLON HOOK-PETZL ,977232
CORDOLI IN CLS VIBRATO,997056
CORDONATA IN CLS 12/15x25x100,971325
CORRENTE DI RACCORDO MARCEGAGLIA 1140 MM ,993169A9
CORRENTE DI RACCORDO MARCEGAGLIA 2500 MM ,993169A10
CRICCHETTO REVERSIBILE DA 1/2 BETA,977234
crocere per vuoti conici,970270A666
CUFFIA ANTIRUMORE,992070
CUSTODIA ANTICADUTA RETEXO,970326
CUSTODIA ATTREZZATURA ,970331
Custodia in ferro portastampi,970394
CUSTODIA RADIO MOTOROLA VHF DP4401E,970038
CUSTODIA UNIVERSALI RADIO RICETRASMITTENTI,970158
DADI ES.AL. 14MA UNI5587-8  NO,231010008
DADI M10 IN ACCIAIO,978135
DADI M16 ZINCATI A CALDO,978136
DADI M18 ZINCATI A CALDO,880542
DADO ESAG. ZINC. UNI 5588 Ø 16,763439
DADO esagonale DI GIUNZ. M10X45,971234
DADO esagonale DI GIUNZ. M6X30,971209
DADO esagonale GIUNZ M8X40,971210
DADO INOX A2 M10,881708
DADO INOX A2 M16,881869
DADO INOX A2 M6,881746
DADO M10 ZINCATO,880401
DADO ZINCATO M 20,881872
DADO ZINCATO M10,881603
DADO ZINCATO M12,880419
DADO ZINCATO M14,880541
DADO ZINCATO M16,880554
DECESPUGLIATORE,S80000439
DETERGENTE SGRASSANTE MULTIUSO,S70007167
DIAGONALE A VISTA MARCEGAGLIA 2500X2000 MM,993169A11
DILUENTE NITRO ANTINEBBIA,60100K004
Diluente nitro conf. da 25 litri,S70016595
DINAMOMETRO DA 10 TON con grilli,979019
DINAMOMETRO DA 2.5 t,979011A25
DINAMOMETRO DA 5 t,979011
DISCHI GRANDI PER MOTOTRONCATRICE Ø 350 mm,801519
DISCHI PER FLESSIBILE DA Ø 115 mm ,992517
DISCO DA SMERIGLIO 125 mm,881232
DISCO DA TAGLIO Ø 125 mm,881204
DISCO SMERIGLIATRICE Ferro Ø 230 mm,997810
DISCO SMERIGLIATRICE Ø 115 mm ,992578
DISP. MESSA A TERRA - CAVO MAX 150 mm²_CEE,970492
DISPERSORE FILET. D180 RAM.,971264
dispersore zinco messa  aterra 1000 mm puntazze,971407
dispositivo anticaduta a slitta portata 150 kg ( per scala sospensione ),979052A1
DISPOSITIVO DI M.A.T DA Ø 50 mm MESSA A TERRA SERIE DI 3 mat,979022A50
DISPOSITIVO DI M.A.T DA Ø 95 mm APK mat,977244A
DISPOSITIVO DI M.A.T DA Ø 95 mm mat,979022A95
DISPOSITIVO MAT MOBILE SEZ. 50 mm² rolliera mat ,979048
DISTANZIATORI PER ARMATURA CASSERI,971034
DISTANZIATORI REGOL. X CASSERI PILASTRO,977247
DISTANZIATORI REGOLABILI PILASTRO 101/.. N° 8,101D
DISTANZIATORI REGOLABILI PILASTRO 102/.. N° 8,102D
DISTANZIATORI REGOLABILI PILASTRO 103/.. N° 8,103D
DISTANZIATORI REGOLABILI PILASTRO 104/.. N° 8,104D
DISTANZIATORI REGOLABILI PILASTRO 105/..N° 8,105D
DISTANZIATORI REGOLABILI PILASTRO 106/.. N° 8,106D
DISTANZIATORI REGOLABILI PILASTRO 107/.. N° 8,107D
DISTANZIATORI REGOLABILI PILASTRO 108/.. N° 8,108D
DISTANZIATORI REGOLABILI PILASTRO 110/.. N° 8,110D
DISTANZIATORI REGOLABILI PILASTRO 111/.. N° 8,111D
DISTANZIATORI REGOLABILI PILASTRO 112/.. N° 8,112D
Divisa Invernale Felpa XS,992067AXS
DOPPIO METRO LEGNO,991252
DRIZZAGIUNTI PER BANCO T110,977249
DRIZZAGIUNTI PER BANCO T55,977250
ELE-CORDA RAME NUDO PER TERRE 16 mm²,770801
ELEMENTO DI PARTENZA MARCEGAGLIA,993169A6
ELETTRODI X saldare ferro Ø 2.5X300,60210K002
Estintore DA kg 2 CO2,880845
Estintore DA kg 2 POLVERE,991915
Estintore DA kg 6 POLVERE,991914
ESTREMITA IN GOMMA PER COPRIGIUNTO Ø 22 CTPG80,970012
ESTREMITA IN GOMMA PER COPRIGIUNTO Ø 32 CTPG80,970013
FALCONCINI FIBRA OTTICA A PROFILO RETTANGOLARE,977253A2
FALCONCINI FIBRA OTTICA TUBOLARE FDG,977253
FALCONCINI PICCOLI,977253A3
FALCONCINO PALI A STELO ZINCATO,A666666A98
FALCONCINO SCATOLATO CON DOPPIO ATTACCO MOBILE,970043
FALCONE DI MONTAGGIO 12 m 3 moduli DA 4 m ,979010A1
FALCONE DI MONTAGGIO 20 m 5 PEZZI DA 4 m,979010
FARFALLE PER ARMATURA CASSERI,A666666A2
FASCETTA CABL.NERA 200x3.5,998138
FASCETTE GIALLE DA 60 cm SLING P mm C40 60 cm ,977255
FASCETTE NYLON 3.5X280,971330
Fascia         GRU piatta 4 m - 2 t - nylon,970120
Fascia         GRU piatta 4 m - 3 t - nylon,970312
Fascia         GRU piatta 5 m - 2 t - nylon,970127
Fascia         GRU piatta 5 m - 3 t - nylon,970279
Fascia         GRU piatta 6 m - 2 t - nylon,998639
Fascia         GRU piatta 6 m - 3 t - nylon,970255
Fascia  ANELLO 1 m - 3 t - nylon,970287
Fascia  ANELLO 2 m - 2 t - nylon,970166
Fascia  ANELLO 2 m - 3 t - nylon,970147
Fascia  ANELLO 2 m - 4 t - nylon,970148
Fascia  ANELLO 3 m - 2 t - nylon,970110
Fascia  ANELLO 3 m - 3 t - nylon,970100
Fascia  ANELLO 4 m - 2 t - nylon,970107
Fascia  ANELLO 4 m - 4 t - nylon,970320
Fascia  ANELLO 4 m - 5 t - nylon,970275
Fascia  ANELLO 5 m - 2 t - nylon,970124
Fascia  ANELLO 5 m - 3 t - nylon,970123
Fascia  ANELLO 5 m - 4 t - nylon,970434
Fascia  ANELLO 5 m - 5 t - nylon,970274
Fascia  ANELLO 6 m - 2 t - nylon,970108
Fascia  ANELLO 6 m - 3 t - nylon,970109
Fascia  ANELLO 6 m - 4 t - nylon,970418
Fascia  ANELLO 6 m - 5 t - nylon,970198
FASCIA A CRICCHETTO 9.5 m G/UNCINO,970313
FASCIA A CRICCHETTO GIALLA DA 2000 kg,977262N
Fascia ANELLO 0.5 m - 0.5 t - nylon - bianca,970508
Fascia ANELLO 1 m - 0.25 t - nylon - bianca,970444
Felpa Invernale  L,992067AL
Felpa Invernale  M,992067AM
Felpa Invernale  S,992067AS
Felpa Invernale  XL,992067AXL
Felpa Invernale  XXL,992067AXXL
Felpa Invernale  XXXL,992067AXXXL
FERMAPIEDE MARCEGAGLIA 1140 MM ,993169A13
FERMAPIEDE MARCEGAGLIA 2500 MM ,993169A19
FERRI DELIMITAZIONE AREA CANTIERE,970207
FERRO PIATTO 30x5,971123
FETTUCCIA CONNEXION FIXE ANCHOR 150,970430
FIBRE SPLICE TRAY SCHEDA PER 12 GIUNTI,971169
film estensione imballo,S90002930
FILO COTTO BIANCO 5X2X20,S80006057
FILO cotto nero DI FERRO GROSSO 3 mm matasse da 25 kg cadauna,1708005
FILO COTTO NERO FERRO Ø 1 rocchetti piccolini matassine,1708003
Fioretti mat messa a terra arancione,970468
Fioretti mat messa a terra giallo - Francia,977278
FLESSIBILE A BATTERIA,A666666A10
FLESSIBILE A elettrico diametro dischi 200,A666666A17
FLESSOMETRO 3 m,977279
FLESSOMETRO 8 m avvolgibile metallo,883410
FLESSOMETRO MT. 5 metro avvolgibile metallo,881237
FRATTAZZO,991621
FRATTAZZO PICCOLO IN SPUGNA,977288
FRATTONE PLASTICA 15x45,SE0000292
FRATTONE PLASTICA 26x42,SE0000293
Frecciometro SAG-900,979007
FRESA A TAZZA 14 mm,970497
FRESA A TAZZA Ø 16 mm,992563
FRESA A TAZZA Ø 20 mm,883659
FRESA MAGNETICA A CALAMITA,A666666A3
FRESA X MACCH.OPER.CP 400 COMPLETA,993403
fune acciao asola-asola diametro 14 lunghezza 50 m,970471
fune acciao asola-asola diametro 16 lunghezza 1.5 m,970469
fune acciao asola-asola diametro 16 lunghezza 2 m,970472
fune acciao asola-asola diametro 16 lunghezza 3 m,970181
fune acciao asola-asola diametro 16 lunghezza 50 m,970473
fune acciao asola-asola diametro 16 lunghezza 6 m,970470
FUNE DI SERVIZIO NYLON Ø 8 mm,970291
FUNE DI SERVIZIO Ø 12 mm da 15 m,977293
FUNE DI SERVIZIO Ø 14 mm da 50 m,977297
FUNE LINEE VITA Ø 10.5 mm da 100 a 200 m,970030
fune nylon 10 mm bobina da 100 m,971405
FUNE NYLON Ø 14 mm,970258
FUNE NYLON Ø 6 mm,882605
FUNE NYLON Ø 8 mm per protezioni,971137
FUNE NYLON PILOTA Ø 14 mm IN BOBINA CON CROCI,970061
FUNE PILOTA Ø 16 mm DA 2000 m,977300
Fune ricambio per cordino posizionamento  Hook - Petzl  tg   /,A970350
fune servizio in nylon 14 mm bobine da 100/200m,970036
FUNGHETTI ROSSI Cappucci picchetti ferro ex cod 977302 ,971154
FUNI DA 50 M SPESSORE 10 mm,998101
GABBIONE CON CIOTOLI 100X100X100 kg. 1700,971150
GABBIONE CON CIOTOLI 200X100X100 kg. 3200,971149
GANCIO ACCORCIATORE ACF08,970222
GANCIO ACCORCIATORE ACF10,970223
GANCIO ACCORCITORE OCCHIO 5300 kg Ø CAT 13 mm,970240
GANCIONE ORMEGGIO INOX APERT. Ø 110 mm,970353
GEL LUBRIFICANTE BLU,971066
GENERATORE DI CORRENTE 3000W 220V gruppo,990792
GENERATORE PER VIBRATORE PER CLS,979038
GIACCA MULTIPROT. TRIVALENTE ANTIST.,970438
GILET ALTA VISIBILITA',970171
GIUBBOTTO INVERNALE CON SERIGRAFIA STARMAX-COLORE ARANCIO/BLU tg 2XL,970089A2XL
GIUBBOTTO INVERNALE CON SERIGRAFIA STARMAX-COLORE ARANCIO/BLU tg 3XL,970089A3XL
GIUBBOTTO INVERNALE CON SERIGRAFIA STARMAX-COLORE ARANCIO/BLU tg L,970089AL
GIUBBOTTO INVERNALE CON SERIGRAFIA STARMAX-COLORE ARANCIO/BLU tg M,970089AM
GIUBBOTTO INVERNALE CON SERIGRAFIA STARMAX-COLORE ARANCIO/BLU tg S,970089AS
GIUBBOTTO INVERNALE CON SERIGRAFIA STARMAX-COLORE ARANCIO/BLU tg XL,970089AXL
GIUNTATRICE AUTOMAT. FO,990833
Giunti per tubo corrugato da Ø 160 mm,971300
Giunti per tubo corrugato Ø 200 mm,971298
Giunti per tubo polietilene Ø 225 mm,971299
GIUNTO A COMPRESSIONE CONDUTTORE Ø 22.8 mm,971270
GIUNTO A COMPRESSIONE CONDUTTORE Ø 27 mm,978167
GIUNTO A COMPRESSIONE CONDUTTORE Ø 31.5 mm,978168
GIUNTO A COMPRESSIONE CONDUTTORE Ø 34 mm,978169
GIUNTO A COMPRESSIONE F.D.G. 10.5-11.5,978170
GIUNTO A COMPRESSIONE TESTA-TESTA PER RAME Ø 16,971308
GIUNTO A COMPRESSIONE TESTA-TESTA PER RAME Ø 25,978171
GIUNTO A COMPRESSIONE TESTA-TESTA PER RAME Ø 35,978172
GIUNTO ANTITORSIONE GIREVOLE SNODATO,995671
GIUNTO CAVO MT 1P 12/20KV AUT.35-150/70-185 ELI.H5,996123
GIUNTO FISSO TIPO U Ø 10 (12) mm WL 20 kN Piccolo,970262
GIUNTO FISSO TIPO U Ø 13 (15) mm WL 33 kN Medio ,970263
GIUNTO FISSO TIPO U Ø 18 (22) mm WL 70 kN Grande,970328
GIUNTO FISSO TIPO U Ø 24 mm WL 120 kN Gigante,970264
GIUNTO GIREVOLE GRANDE CONDUTTORE SNODI  120 kN Ø 60 mm SOLO PER CARRUCOLA GOLA GRANDE DA 95,970265
GIUNTO GIREVOLE Ø 38 mm,970354
GIUNTO GIREVOLE Ø 54 mm,970467
GIUNTO GIREVOLI  MEDIO PER FDG CONDUTTORE SNODI 60 kN Ø 45 mm,977315
GIUNTO GIREVOLI PICCOLO PER FDG CONDUTTORE SNODI 26.7 kN Ø 32 mm,978176
Giunto in polietilene  per tritubo d.32/32,971282
GIUNTO TRITUBO Ø 50 mm,978182
GIUNZIONE PER CATENA Ø 13 mm -GRADO 80 -P 5300 kg,970239
GIUNZIONE PER TUBO CAVO INTERRATO,978184
GOMME PER CARRUCOLE,977316
GONDOLA A CULLA IN DUE PEZZI GIALLA ALZABOBINA SMONTABILE ,977319
GONDOLA GRANDE FISSA,977318
Gondola per bobina traente coassiale blu,977322
GRASSO ALLA GRAFITE,971331
GRASSO GRAFITE PER SFILI GRU,978189
GRASSO LUBR.PG SUPER IN CARTUCCIA,60400K016
GRASSO MULTIUSO BERNER,978190
GRASSO SPRAY,S90003574
GRIGLIATO CARRABILE N°23 m² TOT 18.08,978192
GRILLO OMEGA CON PERNO FILETTATO 13.5 TON,970462
grillo omega perno a vite 12 t,970474
grillo omega perno a vite 4.75  t,970482
grillo omega perno a vite 6 t,970475
GRILLO OMEGA PERNO A VITE DIAM 16,971052
GRILLO OMEGA PERNO A VITE DIAM 19,971054
GRILLO OMEGA PERNO A VITE DIAM 22,971051
GRILLO OMEGA PERNO A VITE DIAM 25,971055
GRUPPO ELETTROGENO 4 kW generatore,882096
GRUPPO ELETTROGENO 6 kW generatore,882096A6KW
Gruppo per Punzonatrice a batteria generatore,990933A3
GUAINA TERMORESTRINGENTE 45 mm,S70015304
GUAINA TERMORESTRINGENTE TUBO 240 mm,S70015875
Guanti fiore pelle (pacchi da 12 pezzi)  tg 10,994887A10
Guanti fiore pelle (pacchi da 12 pezzi)  tg 8,994887A8
Guanti fiore pelle (pacchi da 12 pezzi)  tg 9,994887A9
Guanti Flexus Winter TG 9   tg   9,970082
Guanti tattik (pacchi da 12 pezzi) - dotazione magazzino  tg   9,881732
GUARNIZIONE GIUNTO Ø 200 mm,971340
imbracatura MeiBner  Lieferadresse. Mengen- und Größe:  tg 110-120 MeiBner,883267A1
imbracatura MeiBner  Lieferadresse. Mengen- und Größe:  tg 90-110 MeiBner,883267A2
imbracatura MeiBner Lieferadresse. Mengen- und Größe:  tg 80-100 MeiBner,883267A3
IMBRAGATURA HARNESS AVAO BOD FAST 1,990979A1
IMBRAGATURA HARNESS AVAO BOD FAST 2,990979A2
INGRASSATORE PNEUMATICO PER CARTUCCIA,883708
JAG RESCUE KIT PETZL 120M,970146
KIT Imbocco a caldo circolare muffola DU OF0048,971205
KIT MOMBRA per fissaggio a muro muffola OF0047,971204
KIT PRONTO INTERVENTO AMBIENTALE  ADR PER ASSORBENZA OLII E CARBURANTE idrocarburi,S70007418
KIT SOCCORSO IN QUOTA 120 METRI,977577
KIT SOCCORSO IN QUOTA 30 m,977349A30
KIT VISIERA CASO KENITH KASK- CLEAR,970425
LAMA PER SEGONCINO LEGNO 525 mm,990661
LAMA SEGH. FRONT. SPX 15 8 (10) METALLO,970296
LAMA SEGH. FRONT. SPX 23 8 (10) METALLO,970297
Lama seghetto BENTEX 300 mm,970298
LAMA TRANCIA INFERIORE,977353
LAMA TRANCIA SUPERIORE,977354
Lamiera nera 15x1250x2500,970399
LAMPADA DA OFFICINA C/O GANCIO 220V,977355
LAMPADA PORTATILE RICARICABILE CON CARICATORE,977356
LAMPADA SEGNALETICA STRADALE ARANCIO,977359
LAMPADA SEGNALETICA STRADALE GIALLA,977361
LAMPADA SEGNALETICA STRADALE ROSSA,977362
LAMPEGGIANTE PER CAMION 12 V,971272
LANCIA A ROTAZIONE DN 45,970201
LASTRA DI COPERTURA DI. 80X100 SP. 15CM,971158
LASTRA DI COPERTURA DIM. 100X100 SP. 15CM,971160
LASTRA DI COPERTURA DIM. 280X100 SP. 15CM,971161
LASTRA DI COPERTURA DIM. 48X68 SP. 10,971163
LASTRA DI COPERTURA DIM. 80X40 SP. 6,971069
LASTRA DI COPERTURA DIM.50X60 SP.6,971156
LEQ CON CAVO L. 30 MT,977364
LEQ CON CAVO L. 6 MT,977365
LEVA PER CARPENTIERI DA 600 mm,991262
LEVERINO-PIEDE DI PORCO,977366
LINEE VITA COMPLETE DISPOSTIVO PER FRENARE _ CORDA _ FASCETTE _ MOSCHETTONI  kitvedi anche codice _S80006588 e altri,977370
LINGUETTA PER GANCIO SICUREZZA VERRICELLI PCW 5000,977371
LINGUETTA SICUREZZA GANCIO Ø 13 mm,970439
LIVELLA 60 cm,881218
LIVELLA CON BOLLA GIR. 360 MAGN.,970244
LIVELLA DIGITALE CON INCLINOMETRO (20 cm/ris 0.05°),881718
LIVELLA MURATORE 40 cm,991620
LIVELLO DA 2 m,977375
LIVELLO OTTICO,977376
LUBRIFICANTE SILICONE ,971319
LUCIDA CRUSCOTTO,SE0000303
MACCHINETTA TIRABANDIT,977377
MANDRINO CREMAGLIERA C/ATTACCO SDS,881783
MANICCHETTA Ø 40 DA 10 m CON ATTACCHI,970420
MANIGLIA FISSAGGIO CASSERI PLASTICA,970177
MANOMETRO ATT. RADIALE D. 63 - 10BAR,763135
MARRA S/M - 30 CM,SE0000281
MARTELLO 300 GR.,881221
MARTELLO DA CARPENTIERE anche codice 992570,990915
MARTELLO DEMOLITORE 11304 220V,990878
MARTELLO PERFORATORE 900W ATTACCO SDS-PLUS,883499
MARTELLO STRAPPACHIODI,977385
MARTELLO STRAPPACHIODI  anche codice 977385,970334
MARTINETTO IDRAULICO T.25,970260
MASCHERA DA SALDATORE,977386
MASCHERA PER FUMI DI TIPO CHIRURGICO,992262
MASCHERA PER SALDATURA USO OFFICINA,991606
MASCHERA PROTETTIVA PER DECESPUGLIATORE,970400
MASTICE CARROZZERIA,971332
MATRICE CEMBRE M110-520 COPPIA,994129
MAZZA 5 kg CON MANICO,991670
MAZZA OTTAGONALE kg 3 MANICO FIBRA,970455
Mazzetta con manico in fibra 1 kg,990920
METALDETECTOR CERCA CHIUSINI,990431
METRI A ROTELLA DA 5 MT. ART. 710P,S90001720
MICROMETRO  valigetta gialla,979021A2
MISCELA ARGILLOSA - BENTONITE,971065
misuratore di resistività di terra,979047
MONOFILARE F.O.,978228
MONOTUBO PEHD D.30,971292
MONOTUBO PEHD Ø 50 SP.3.5 mm PN10,996514
MONTANTE MARCEGAGLIA 1000 MM,993169A1
MONTANTE MARCEGAGLIA 2000 MM ,993169A8
MORSA A Bullone AMARRO MORSETTI Bullone ( VENGONO DA CANTIERE ),A666666A1
MORSA A COMPRESS. COLLO MORTO(PATELLA) D.36 mm,978232
MORSA A COMPRESS. COLLO MORTO(PATELLA) Ø 22.8 mm,978230
MORSA A COMPRESS. COLLO MORTO(PATELLA) Ø 31.5 mm,978231
MORSA AMARRO COND.AL/ACC 150 mm²,994509
MORSA DA BANCO,882666
MORSA D'AMARRO A BulloneI PER F.D.G.,978233
MORSA D'AMARRO COMPRESS. COND.  Ø 22.8 mm,978234
MORSA D'AMARRO COMPRESS. COND.  Ø 27 mm,978235
MORSA D'AMARRO COMPRESS. COND. D.31.5 mm,978236
MORSA D'AMARRO COMPRESS. COND. D.36 mm,978237
MORSA D'AMARRO F.D.G. D.10.5 mm,978238
MORSA D'AMARRO F.D.G. D.11.5 mm,978239
MORSA DI DI SOSPENSIONE X CONDUTTORE D.22.8 mm,978246
MORSA DI SOSPENS. CONDUT.X CONTRAPPESO D.16.25 mm,978240
MORSA DI SOSPENS. CONDUT.X CONTRAPPESO D.22.8 mm,978241
MORSA DI SOSPENSIONE PER CONDUTTORE D.32-38 mm,978243
MORSA DI SOSPENSIONE PER CONDUTTORE D.34.6 mm,978244
MORSA DI SOSPENSIONE PER CONDUTTORE D.36 mm,978245
MORSA DI SOSPENSIONE PER CONDUTTORE Ø 31.5 mm,978242
MORSETTI A CAVALLOTTO DA Ø 14 mm  americani,978258N
MORSETTI A CAVALLOTTO DA Ø 16 mm  americani,971400
MORSETTI A CAVALLOTTO Ø 10 mm,978256
MORSETTI A CAVALLOTTO Ø 8 mm,978257
MORSETTI SOLLEV. CONDUTTORE IN SOSPENSIONE,970169
MORSETTI ZINCATI 10 mm,S90007507
MORSETTO A CUNEO 18.2-24.5 ,970237A18A24
MORSETTO A CUNEO 22.9-32,970237A22A32
MORSETTO A CUNEO 29.4-38.5,970237A29A38
MORSETTO A CUNEO 9-24.5,970237A9A24
MORSETTO AUTOSERR.X COND.ALL/ACC/RAME D.6-23,996322
MORSETTO AUTOSERRANTE FUNI GUARDIA DIAM. 7.5-18 mm FDG,995939
MORSETTO AUTOSERRANTE FUNI GUARDIA DIAM.18 - 24 mm FDG,970486
MORSETTO AUTOSERRANTE X COND.RAME/FUNI DIAM. Americ,993451
MORSETTO CON GANASCE CONDUT. DIAM. 20-33.5 mm,970487
MORSETTO CON GANASCE OPGW DIAM. 6-23 mm,970488
MORSETTO CONDUTTORE 400/05 10-32 10-33.5,A999A40005
MORSETTO CONDUTTORE 400/07 IR 3107 6-23,A999A3107
MORSETTO CONDUTTORE IR3104 30-39,A999A3104
MORSETTO CONDUTTORE IR3105 18-30,A999A3105
MORSETTO FO IR3112 6-23,A999A3112
MORSETTO PER DISPERSORI Ø 18-22 mm RAMATO,971073
MORSETTO PER DISPERSORI Ø 18-25 mm,971074
MORSETTO SING. CAVO 220 kV,971370
MORSETTO TENDIFILO AUTOSTR.5-10 mm,991180
morsetto zincato per recinzione orso grill,970481
MOSCHETTONE ALL. OVALE A TRE SIST. DI CHIUSURA,970087
MOSCHETTONE C/O CARRUCOLA ROLLCLIP,970115
MOSCHETTONE CON CHIUSURA A VITE,970288
Moschettone scala di sospensione,SE0000274
MOSCHETTONE TRIANGOLRE ALLUM.,883268
MOSCHETTORNE AM'D TRIACT-LOCK CARABINER,970429
motopompa hp 6.5 idras,993330
MOTORE DI MONTAGGIO 10 kN  ,881719A10
MOTORE DI MONTAGGIO 15 kN,881719A15
Motore di montaggio da 1000 arancione Diesel,A666666A5
MOTOSEGA A SCOPPIO CS450 kW2 LAMA 45 cm,979012
MOTOTRONCATRICE A SCOPPIO MAKITA EK7301WS 2T C/DISCO X CEMENTO,991840
Muffola di Giunz Base OF0042 ,999261
MUFFOLA FO DI GIUNZ. IP 68-7 BASE,971203
MUFFOLA FO GIUNZ. 40 IP 68-7,971375
NASTRO 3M TELATO 50MX48  mm  SILVER grigio americano per tesatura,971025
NASTRO PER POSA CAVO ROSSO 11 cm,978266
NASTRO PER POSA CAVO ROSSO 21 cm,978267
NASTRO POSACAVO ROSSO 150.000 V,971288
NASTRO SEGNAL.PLAST.BIA/ROSSO,60705K012
NASTRO SEGNALAZ.CAVI ANONIMO GIALLO FO,996997
NEBULIZZATORE DA 5 l,970355
NEW JERSEY IMPILABILE IN PLASTICA,977418
NEW JERSEY POLIETILENE BIANCO/ROSSO,977418N
OCCHIALE PROTETTIVO A MASCHERINA,991999
Occhiali prottettivi- luchy look,992071
OGIVA M12 CON ROTELLA ALL. Ø 50 mm,970489
Olio Idrualico in Bidoni VG 46,SE0000396
ORMEGGI IN ACCIAIO         Ø 14 mm DA 10 m,977432
ORMEGGI IN ACCIAIO         Ø 14 mm DA 25 m,977434
ORMEGGI IN ACCIAIO         Ø 14 mm DA 4.6 m,970366
ORMEGGI IN ACCIAIO         Ø 14 mm DA 5 m,977436
ORMEGGI IN ACCIAIO         Ø 14 mm DA 5.3 m,970367
ORMEGGI IN ACCIAIO         Ø 14 mm DA 5.8 m,970368
ORMEGGI IN ACCIAIO         Ø 14 mm DA 6.6 m,977437
ORMEGGI IN ACCIAIO         Ø 14 mm DA 8 m,977438
ORMEGGI IN ACCIAIO        Ø  14 mm DA 4 m ,970224
ORMEGGI IN ACCIAIO        Ø 14 mm DA 3 m,970045
ORMEGGI IN ACCIAIO        Ø 14 mm da 4 m,977435
ORMEGGI IN ACCIAIO        Ø 14 mm DA 6 m,970046
ORMEGGI IN ACCIAIO       Ø 13  mm DA 3.5 m,970362
ORMEGGI IN ACCIAIO       Ø 13  mm da 30 m,977430
ORMEGGI IN ACCIAIO       Ø 13 mm DA 25 m,970361
ORMEGGI IN ACCIAIO       Ø 13 mm DA 40 m,977431
ORMEGGI IN ACCIAIO       Ø 13 mm DA 6 m,970363
ORMEGGI IN ACCIAIO       Ø 13 mm DA 6.5 m,970364
ORMEGGI IN ACCIAIO       Ø 13 mm DA 8 m,970365
ORMEGGI IN ACCIAIO       Ø 14  mm da 6 m,977628
ORMEGGI IN ACCIAIO    Ø 12  mm da 4 m,977625
ORMEGGI IN ACCIAIO    Ø 12  mm da 5 m,977428
ORMEGGI IN ACCIAIO    Ø 12 mm DA 10 m,977427
ORMEGGI IN ACCIAIO    Ø 12 mm DA 14 m,970357
ORMEGGI IN ACCIAIO    Ø 12 mm DA 2.5 m,970358
ORMEGGI IN ACCIAIO    Ø 12 mm DA 3 m,970359
ORMEGGI IN ACCIAIO    Ø 12 mm DA 4 m,970360
ORMEGGI IN ACCIAIO   Ø 16  mm da 3 m,977637
ORMEGGI IN ACCIAIO   Ø 16 mm DA 10 m,977439
ORMEGGI IN ACCIAIO   Ø 16 mm DA 3 m,970369
ORMEGGI IN ACCIAIO   Ø 16 mm DA 4 m,970370
ORMEGGI IN ACCIAIO   Ø 16 mm DA 4 m ,970282
ORMEGGI IN ACCIAIO   Ø 16 mm DA 40 m,970371
ORMEGGI IN ACCIAIO   Ø 16 mm DA 5.50 m,970372
ORMEGGI IN ACCIAIO   Ø 16 mm da 50 m ,970152
ORMEGGI IN ACCIAIO   Ø 16 mm DA 6.5 m,977443
ORMEGGI IN ACCIAIO  Ø 16 mm da 6 m,977632
ORMEGGI IN ACCIAIO  Ø 18 mm DA 12m ,970182
ORMEGGI IN ACCIAIO Ø  18 mm da 50,970412
ORMEGGI IN ACCIAIO Ø  8 mm da 25 m,970411
ORMEGGI IN ACCIAIO Ø 10  mm da 8 m,970389
ORMEGGI IN ACCIAIO Ø 10 mm da 10 m,977421
ORMEGGI IN ACCIAIO Ø 10 mm da 3 m,977423
ORMEGGI IN ACCIAIO Ø 10 mm da 3.5 m,970388
ORMEGGI IN ACCIAIO Ø 10 mm da 40 m,977425
ORMEGGI IN ACCIAIO Ø 10 mm da 50 m,970356
ORMEGGI IN ACCIAIO Ø 10 mm da 8 m,977426
ORMEGGI IN ACCIAIO Ø 18 mm da 15 m,977444
ORMEGGI IN ACCIAIO Ø 18 mm da 3 m,977635
ORMEGGI IN ACCIAIO Ø 18 mm DA 3 m ,970179
ORMEGGI IN ACCIAIO Ø 18 mm da 50 m ,970153
ORMEGGI IN ACCIAIO Ø18 mm da 3 m,977639
ORMEGGI Ø 8 mm DA 7.40 m,977420
ORSO GRILL 1X3,977445
ORSO GRILL 3.5 X 2 tubi 40-40 mm recinzione metallica ex 977446,999508
OTTURATORE A MOLLA PER ARGANO,971174
OVALONE ALLUMINIO DOPPIA SICURA,970083
PACCH. 5 MODULI GIUNZIONE  - INCL ACCESSORI GIUNTI,971349
PACCH. REINTEGRO CASSETTA PRONTO SOCCORSO GRANDE ALL. I uffici,992111
PACCH. REINTEGRO CASSETTA PRONTO SOCCORSO PICCOLA ALL. II furgoni,992110
PACCHETTO 2 MODULI SINGOLO ELE.TO OF0586,971431
PACCHETTO 6 MODULI SING. CIRCUT. X MUFFOLA,971206
PACH PANEL 24 BUSS. DUPLEX SC-SC C/O 48 PIGTAIL,971388
PACH PANEL 24 BUSS. SIMPLEX SC-SC C/O 24 PIGTAIL,971387
PALA CINGOLATA,993413
PALANCHINO IN FERRO DA 100 cm,977448
PALANCHINO IN FERRO DA 60 cm,977449
PALETTA PER SEGNALETICA STRADALE,977450
PALETTA RIFRANGENTE Ø 30 cm,991982
PALETTI X RECINZIONE POSTAZIONI  FERRI DELIMITAZIONE AREA CANTIERE PICCHETTO FERRO NERO Ø 12 da 1.5 m,971406
PALETTO BIANCO/ROSSO DELIMITATORE,977452N
PALINE PER PICCHETTARE,977453
PALNUT M20,971146
PALO ENEL POLIG.ACC.2 TRON.12/G/24,995946
PANCA 4 POSTI PIEGHEVOLE,970402
Pannelli fonoassorbenti "ignifughi" per ponteggio ,970396
PANNELLI IN LEGNO DA 50x60 cm,970373
PANNELLI IN LEGNO MISTI DA 2 m X 0.5,978276
PANNELLI IN LEGNO MISTI DA 3 m X 0.5,978277
pannello cassaforma 200 x 50 x 27 mm,999512
pannello cassaforma 250 x 50 x 27 mm,971345
PANNELLO CASSAFORMA 30X200 cm,971033
PANNELLO CASSAFORMA 50x300 cm,971143
PANNELLO CASSAFORMA 60x200 cm,971141
PANNELLO LEGNO 200x50 cm,970442
PANNELLO LEGNO 250x50 cm,970172
PANNELLO LEGNO 300x20 cm,970173
PANNELLO LEGNO 300x30 cm,970174
PANNELLO LEGNO 300X50,971016
PANNO MICROFORATO BIANCO 50x50 CHIAMATI STRACCI  ASSORBENTI (SCATOLA DA 10 kg CAD.),SE0000272
PANTALONE ESTIVO MACH 2 tg. 2XL,992098A2XL
PANTALONE ESTIVO MACH 2 tg. 3XL,992098A3XL
PANTALONE ESTIVO MACH 2 tg. L,992098AL
PANTALONE ESTIVO MACH 2 tg. M,992098AM
PANTALONE ESTIVO MACH 2 tg. S,992098AS
PANTALONE ESTIVO MACH 2 tg. XL,992098AXL
PANTALONE Invernale Tonale tg. 2L,970509AXXL
PANTALONE Invernale Tonale tg. 3XL,970509AXXXL
PANTALONE Invernale Tonale tg. L,970509AL
PANTALONE Invernale Tonale tg. M,970509AM
PANTALONE Invernale Tonale tg. S,970509AS
PANTALONE Invernale Tonale tg. XL,970509AXL
PARANCO 1MT JAG SYSTEM,970431
PARTENZA CASSERO INCLINATO D90,970374
PARTENZA CASSERO PLASTICA INCLINATO D 50,970374A1
PASTORALE ANTICADUTA - ANCORAGGIO TRASPORTABILE,996667
PEDANA POGGIA PIEDI X CASSERI CIRCOLARI,COD21
PEDANE DI LEGNA,
PEDAROLA PER SCALATA SOSTEGNO,971247
PERNO ESPULSORE Ø 6.34x77 mm,970460
PERNO OSCILLANTE COMPLETO PER SOSPENSIONE,978280
PERNO OSCILLANTE SINGOLO,978281
PIANTANA IN ALLUMINIO DA 3 MT PONTEGGIO PER PROTEZIONE STRADALE,977474
PIASTRA A V PER PIANTANA IN ALLUMINIO,977475
PIASTRA FISSAG. PASSACAVO 400X600 mm SP.10 mm C/FORI,994112
PIASTRA inferiore PER ATTACCO PIANTANA A ZAVORRA IN CLS,977476
PIASTRA superiore PROTEZIONE PER PONTEGGI  PER ATTACCO  superiore alla PIANTANA per scatolato  a forma  V,977477
Piastre acciaio 3 x 1.5 m,A666666A23
PIASTRE CARRABILI MOBILI IN FERRO 3000X1540X17 mm,970375
PICCHETTI IN FERRO DA 1.20 m,970417
PICCHETTO DI M.A.T CON CAVO GUAINATO RAME mat,970376
PICCHETTONI PER CONTROVENTATURA,970183
PICCONE,991530
Pichetto in rame da 1500 mm Ø 16 mm,971289
PIEDE CLS SOSTEGNO RECINZIONI CANTIERE,977480
PIEDE DI PORCO-LEVERINO,977481
PIGNA POMPA SOMMERSA CON TUBO,977483
PIGTAIL SC SM G652D 2 m,971170
PILASTRO FONDAZIONE 101/220  H220 70X70,101/220A
PILASTRO FONDAZIONE 101/230  H230 70X70,101/230A
PILASTRO FONDAZIONE 102/230  H230 70X70,102/230A
PILASTRO FONDAZIONE 102/240  H240 70X70,102/240A
PILASTRO FONDAZIONE 102/250  H250 70X70,102/250A
PILASTRO FONDAZIONE 102/260  H260 70X70,102/260A
PILASTRO FONDAZIONE 102/280  H280 70X70,102/280A
PILASTRO FONDAZIONE 103/240  H240 70X70,103/240A
PILASTRO FONDAZIONE 103/250  H270 70X70,103/250A
PILASTRO FONDAZIONE 103/260  H270 70X70,103/260A
PILASTRO FONDAZIONE 103/270  H270 70X70,103/270A
PILASTRO FONDAZIONE 103/275 TP  H270 80X80,103/275A
PILASTRO FONDAZIONE 103/280  H280 70X70,103/280A
PILASTRO FONDAZIONE 103/300  H300 70X70,103/300A
PILASTRO FONDAZIONE 103/310  H310 70X70,103/310A
PILASTRO FONDAZIONE 104/240  H240 70X70,104/240A
PILASTRO FONDAZIONE 104/280  H280 70X70,104/280A
PILASTRO FONDAZIONE 104/290  H290 70X70,104/290A
PILASTRO FONDAZIONE 104/300  H300 70X70,104/300A
PILASTRO FONDAZIONE 104/305 TP  H300 80X80,104/305A
PILASTRO FONDAZIONE 104/305 TP  H355 80X80,104/355A
PILASTRO FONDAZIONE 104/310  H310 70X70,104/310A
PILASTRO FONDAZIONE 104/315 TP  H300 80X80,104/315A
PILASTRO FONDAZIONE 104/320  H320 70X70,104/320A
PILASTRO FONDAZIONE 105/320  H320 70X70,105/320A
PILASTRO FONDAZIONE 105/325 TP H325 80X80,105/325A
PILASTRO FONDAZIONE 105/330 380KV H330 80X80,105/330A
PILASTRO FONDAZIONE 105/335 TP H335 80X80,105/335A
PILASTRO FONDAZIONE 105/340 380KV H340 80X80,105/340A
PILASTRO FONDAZIONE 105/345 TP H345 80X80,105/345A
PILASTRO FONDAZIONE 105/360  H360 70X70,105/360A
PILASTRO FONDAZIONE 106/340 380KV H340 80X80,106/340A
PILASTRO FONDAZIONE 106/350  H350 70X70,106/350A
PILASTRO FONDAZIONE 106/360  H345 70X70,106/360A
PILASTRO FONDAZIONE 106/365 TP H345 80X80,106/365A
PILASTRO FONDAZIONE 107/300 220KV H300 80X80,106/300A
PILASTRO FONDAZIONE 107/305 TP H345 80X80,106/305A
PILASTRO FONDAZIONE 107/320 220KV H320 80X80,106/320A
PILASTRO FONDAZIONE 107/340 220KV H340 80X80,107/340A
PILASTRO FONDAZIONE 108/340 380KV H340 80X80,108/340A
PILASTRO FONDAZIONE 108/345 TP H360 80X80,108/345A
PILASTRO FONDAZIONE 108/350 380KV H350 80X80,108/350A
PILASTRO FONDAZIONE 108/360 380KV H360 80X80,108/360A
PILASTRO FONDAZIONE 110/300 320KV H300 70X70,110/300A
PILASTRO FONDAZIONE 110/340 320KV H340 70X70,110/340A
PILASTRO FONDAZIONE 110/385 TP H385 80X80,110/385A
PILASTRO FONDAZIONE 111/310 380KV H310 80X80,110/310A
PILASTRO FONDAZIONE 111/330 220KV H330 70X70,110/330Ax
PILASTRO FONDAZIONE 111/330 380KV H330 80X80,110/330A
PILASTRO FONDAZIONE 111/345 TP H345 80X80,110/345A
PILASTRO FONDAZIONE 111/360 380KV H360 80X80,111/360A
PILASTRO FONDAZIONE 112/320 380KV H320 80X80,112/320A
PILASTRO FONDAZIONE 112/340 380KV H340 80X80,112/340A
PILASTRO FONDAZIONE 112/380 220KV H380 80X80,112/380A
PILASTRO FONDAZIONE 112/405 TP H405 80X80,112/405A
PILASTRO FONDAZIONE TP 103/285  H280 80X80,103/285A
PILASTRO FONDAZIONE TP 103/295  H280 80X80,103/295A
PILASTRO FONDAZIONE TP 103/305  H280 80X80,103/305A
PILASTRO FONDAZIONE TP 103/325  H280 80X80,103/325A
PINZA 1000 V UNIV. L.200 PRESA+TAGLIO,999735
PINZA 1000V SPELLAFILI 160 INT. 2K,994918
PINZA PER LAMIERA CON UNCINO HKS 2 DA 2 t,970077
PINZA REGOLABILE GIRATUBO USAG,970228
PINZA SERRATUBO kNIPEX 300 mm COBRA,990436
PISTOLA ARIA COMPRESSA X COMPRESSORE,990772
PISTOLA PER CARTUCCIA TASSELLO CHIMICO,977490
PISTOLA PER SILICONE,881276
PLAFONETTA 15x5,SE0000296
Polo Manica CORTA tg 2XL,992059A2XL
Polo Manica CORTA tg 3XL,992059A3XL
Polo Manica CORTA tg L,992059AL
Polo Manica CORTA tg M,992059AM
Polo Manica CORTA tg S,992059AS
Polo Manica CORTA tg XL,992059AXL
Polo Manica LUNGA tg 2XL,992069A2XL
Polo Manica LUNGA tg 3XL,992069A3XL
Polo Manica LUNGA tg L,992069AL
Polo Manica LUNGA tg M,992069AM
Polo Manica LUNGA tg S,992069AS
Polo Manica LUNGA tg XL,992069AXL
POMPA IGIENIZZANTE MEZZI,977507
POMPA PORTATILE ELETTRO OLEODINAMIC. B70M-P36,971196
POMPA SOMMERSA ELETTRICA ,970419
PONTE DA LAVORO 12 m 2 moduli DA 3 m E 3 PEZZI DA 2 m (BILANCIA),A999A20PLC10A33222
PONTE DA LAVORO 18 m 3 moduli DA 6 m (BILANCIA),999A17PLC9
PONTE DI LAVORO 12 m 3 moduli DA 4 m,A999A20PLC10A444
PONTEGGIO IN ALLUMINIO 2 MT PIANTANA PER PROTEZIONE STRADALE,993169A2
PONTEGGIO IN ALLUMINIO 4 MT PIANTANA PER PROTEZIONE STRADALE,993169A4
PONTEGGIO MULTIDIREZIONALE MARCEGAGLIA SM8,993169
PORTACHIAVI IN PLASTICA C/ETICHET.(VARI COLORI),998050
POZZETTO 100X100 SENZA TELAIO,5P0409025
POZZETTO 1X1 m,978284
Pozzetto 60x60 prefabbricato,20113K003
POZZETTO CARRABILE C.A.V. DIM 120X120X100 SP. 15 cm,971427
POZZETTO CLS 125X80 OPEN FIBER,998479
POZZETTO CLS 40X40 EST. H.40 CARRABILE,S90000785
POZZETTO CLS 50X50INT. H.50 CARRABILE,S90001794
POZZETTO CLS 90X70 ANONIMO,997235
POZZETTO CLS 92X92X80 (INT.80X80),S80000110
POZZETTO CLS cm 100X100XH98 INT. SP. 8.5 cm NO CA.,S70007935
Pozzetto CLS int 90 x 70 Telecom,996253
Pozzetto CLS INT. 125 x 80 Telecom,997077
POZZETTO PER BUCHE GIUNTI 335X74 H. 90 cm,971162
POZZETTO TIPO TELECOM IN C.A.V. DIM. 125X80 H.50 cm,971428
PREFORMER PER AMARRO  F.O. DRITTI,978286
PREFORMER PER AMARRO  F.O. PIEGATI,978287
PREFORMER PER SOSP. F.O. FINI,978288
PREFORMER PER SOSP. F.O. GROSSI,978289
PREMISCELATO LEGGERO SACCO DA 50 l,971322
PRESA ELET.VOL.CEE 16 A 220 V 2P+T 6H,20103K053
PRESSA IDRAULICA 60 t,971199
PROLUNGA AMARRO CONDUTTORE DA Ø 20-20 DA 40 cm,971274
PROLUNGA AMARRO CONDUTTORE DA Ø 20-20 DA 60 cm,978294
PROLUNGA AMARRO CONDUTTORE Ø 16 DA 30 cm,978291
PROLUNGA AMARRO CONDUTTORE Ø 16-20 DA 40 cm,978293
PROLUNGA AVVOLGIBILE DA 25 m ATTACCHI INDUSTRIALI,977509
prolunga cls per pozzetto f.o. 80x120 mm,971302
PROLUNGA DA 60 CM CON PERNO OSCILLANTE,978290
PROLUNGA DAMARRO CONDUTTORE Ø 16-16 DA 40 cm,971273
PROLUNGA ELETTRICA 15 m 220 V,990681
PROLUNGA ELETTRICA 20 m 48 V,990680
prolunga elettrica 5 m prese 4 schuko,970499
PROLUNGA ELETTRICA CON ATTACCHI INDUSTRIALI DA 100,977510
PROLUNGA ELETTRICA DA 10 m,977511
PROLUNGA ELETTRICA DA 5 m,977513
PROLUNGA ELETTRICHE DA 50 m,977514
PROLUNGA PER GIOGHI TRIANGOLARI DA 10 cm,978295
PROLUNGA SCALA D'AMARRO TRIANGOLARE 2 m CENTRALE,979018A2
PROLUNGA SCALA D'AMARRO TRIANGOLARE 2 m TERMINALE ( CON O SENZA GANCIO ),979018A3
PROLUNGA SCALA D'AMARRO TRIANGOLARE 4 m TERMINALE,979018A4
PROLUNGA SCALA PER AMARRI TRAPEZIODALE SENZA I GANCI 2 m,979009A2
PROLUNGA SCALA PER AMARRI TRAPEZIODALE SENZA I GANCI 4 m,979009A4
PROLUNGA SCALA SOSPENSIONE / AMARRO 2 TERMINALE  profilo largo,979017A4
PROLUNGA terminale SCALA SOSPENSIONE 2 M 979052,979017A2
PROLUNGA TIPO TELECOM IN C.A.V. DIM. 125X80 H.20 cm,971429
PROLUNGHETTA DOPPIE CON PERNI Ø 20-20,978296
PROTEZIONE AEREA TIPO CULLA  CON VENTI IN ACCIAIO,970067
PROTEZIONE SOTTOBASETTA MARCEGAGLIA CARTARIF ,971337
PROVINI IN POLISTIROLO PER CLS,978297
PULITORE PARABREZZA,971275
PUNTA A CORONA Ø 22 da 40,970250
PUNTA A CORONA Ø 25x555 (991231),991236
PUNTA DA MURO Ø 5.5X12 TE CX,881178
PUNTA DA MURO SDS 10X110,881686
PUNTA DA MURO SDS 12X160,881685
PUNTA DA MURO SDS 12X210,881272
PUNTA FERRO Ø 10,881680
PUNTA FERRO Ø 12 x TRAPANO,997856
PUNTA FERRO Ø 5,881678
PUNTA FERRO Ø 5.5 x TRAPANO,991568
PUNTA FERRO Ø 6,881679
PUNTA FERRO Ø 8 x TRAPANO,991573
PUNTA FERRO Ø 9 x TRAPANO,991575
PUNTA FRESA HSS Ø 10 mm,970404
PUNTA FRESA HSS Ø 5 mm,970405
PUNTA FRESA Ø 12 mm HSS 30 mm,970016
PUNTA FRESA Ø 14 mm HSS 30 mm,970017
PUNTA FRESA Ø 16 mm HSS 30 mm,970018
PUNTA FRESA Ø 18 mm HSS 30 mm,970019
PUNTA FRESA Ø 20 mm HSS 30 mm,991123
PUNTA FRESA Ø 22 mm HSS 30 mm,970020
PUNTA FRESA Ø 24 mm HSS 30 mm,978162
PUNTA FRESA Ø 26 mm HSS 30 mm,970021
PUNTA FRESA Ø 28  mm HSS 30 mm,970024
PUNTA FRESA Ø 28 mm HSS 30 mm,970022
PUNTA FRESA Ø 30 mm HSS 30  mm,970025
PUNTA FRESA Ø 30 mm HSS 30 mm,970023
PUNTA FRESA Ø 32 mm HSS 30 mm,970026
PUNTA FRESA Ø 9 mm HSS,970324
PUNTA FRESA Ø 9.6 mm AL 19 mm,970162
PUNTA METALLO ELICOIDALE D.12 mm,970186
PUNTA PER FRESA D6-40.5  mm,970257
PUNTA SDS PLUS 10x160  mm,970446
PUNTA SDS PLUS 10x210,970447
PUNTALE IN GOMMA PER SCALA LEGNO,991750
PUNTELLI A CROCE DA 72 sv 1.40 m (DA VERIFICARE SVILUPPO),970383
PUNTELLI O PUNTALI (CRISTI  C/0 PIASTRA) DA  2 m  SVILUPPO 3.60 m,970196
PUNTELLI O PUNTALI (CRISTI) DA  0.50 cm SV 1 m,970384
PUNTUALE LUNG. 80 mm FILETTO M12  Ø 40 mm,970490
Punzonatrice a batteria,990933
Punzonatrice Cembre,A666666A4
Punzonatrice manuale,970000A
R4 RIAVVOLGITORE CON TUBI PER ARGANO FRENO,A666666A14
RACCHETTE SPINTEROMETRICHE 150 kV,978298
RACCORDI POLIETILENE Ø 50,978299
RACCORDO PER Bussola MACCH. 3/4 A 1,970498
RADDRIZZAGIUNTI PER BANCO T110,977249N
RADIO RICETRASMITTENTE MOTOROLA,882599A1
Rampone Staffa per scalta traliccio BUGNARD 703_160_100,666666A20
RASTRELLO CON MANICO,977551
REDANCE PER AMARRO F.O.,978300
REDANCE ZINCATE 10 mm,S90006569
REDANCE ZINCATE 8 mm,S90006569A8
REGGIA BANDIT 3/4" 19.5 mm AISI 201,996088
REGGIA BANDIT 3/8" - 9.5 mm AISI 201,997672
Registratore di tiro,881719AA
RESPIRATORE D'EMERGENZA (MOD.MINISCAPE),992092
RETE ARANCIO  rotoli altezza da 120 a 150 cm,978301N
RETE ELETTROSALDATA FILO Ø 12,S80000035
RETE ELETTROSALDATA Ø 8 10X10,971132
RETE ELETTROSALDATA Ø 8 20X20,971131
RETE METALLICA IN ROTOLI h. 1 m,978305
RETE METALLICA IN ROTOLI h. 1.20 m,978306
RICETRASMITTENTE  MIDLAND G18 PRO,882599
RICEVITORE GPS TOPOGRAFICO STONEX GNSS,979043
RIDUTTORE BUSSOLE DA 3/4 A 1/2",990723
RIDUZIONE RINFORZATA DA 3/4 AD 1/2,977556
RILEVATORE DI TENSIONE 10-30 kV,970385
RILEVATORE DI TENSIONE 60-150 kV,977559A4
RILEVATORE DI TENSIONE 63-90 kV,977558
RILEVATORE DI TENSIONE 90-220 KV,977559A3
RILEVATORE DI TENSIONE A CONTATTO MOD. FRANCESE 225-420 kV,977560
RILEVATORE DI TENSIONE A DISTANZA INDUZIONE 132-380 kV,977559A2
RILEVATORE DI TENSIONE MOD. FRANCESE  150-400 kV,977559
RILEVATORE DI TENSIONE MOD. FRANCESE 63-90 kV,977561
RILEVATORE DI TENSIONE PER STAZIONI A DISTANZA INDUZIONE 132-380 kV,977559A1
RILEVATORE TENS.AT ELET.UNIP.SON.LUM.C/FIORETTO,990073
Rinvio Carrucola di servizio ruota in nylon Ø 30 port. 500 kg,990409
RINVIO DA 1500 kN,977562
RINVIO DA 2000 kN,977563
RINVIO DA 3000 kN,977564
RINVIO DA 6000 kN,977565
RIVETTATRICE MANUALE,991656
ROBOT CON BATTERIA,A666666A6
ROBOT CON GENERATORE,A666666A7
RONCOLA TAGLIARAMI,991610
RONDELLA FE ZN FORO 10 mm,880176
RONDELLA FE ZN FORO 12 mm,880177
RONDELLA GROVER 10 mm,971228
RONDELLA GROVER 12 mm,971217
RONDELLA M6,880743
RONDELLA PIANA 12 FORO 8,880085
RONDELLA PIANA 16 FORO 8,880086
RONDELLA PIANA 20 FORO 10,880088
RONDELLA PIANA ISO 7089 M 16,971130
RONDELLA PIANA UNI6592 M12 ZC,971104
RONDELLA PIANA UNI6592 M20 ZC,971103
RONDELLA PIANA UNI6592 M24 ZC,971102
RONDELLA RAME Ø 1/2" x 1.5,971120
RONDELLA RAME Ø 3/8" x 1.5,971119
RONDELLA UNI5714 16 ZC,971107
RONDELLA UNI5714 20 ZC,971106
RONDELLA UNI5714 24 ZC,971105
RONDELLA ZINCATA 14 mm F 6,881850
RONDELLA ZINCATA M16,971335
RONDELLE D.16 mm,978311
RONDELLE GROVER M.20 mm - CASSA 16,978314
RONDELLE M.14-20-24 mm ZINCATE A CALDO - CASSA 14,978315
RONDELLE Ø 18 mm,978313N
ROTELLA METRICA 20 m,991250
ROTELLA METRICA 30 m,970195
ROTELLA METRICA 50 m,991251
ROTELLA METRICA STRADALE,970423
ROTOLI CELLOPHANE TRASPARENTE,971133
ROTOLO CARTA GOMMATA DA 2.5 mm,971276
ROTOLO CORRUGATO DA 30 m Ø 110 mm,978317
ROTOLO CORRUGATO DA 30 m Ø 50 mm,978318
RULLIERA TRINATA TES. CONDUT.  Ø 3340 X 95 mm,979004
RULLINA METRICA 15 m,977570
RULLINA METRICA 20 m,977571
RULLINA METRICA 30 m,977572
RULLINA METRICA 50 m,977573
SACCO A PELO,970409
SACCO ZAVORRA ARANCIONE PER CARTELLI STRADALI,978323
saldatrice inverter telwin tecnicas 211/s,997746
SALVAMANI SCALPELLO GOMMA,881215
SCALA A LIBRO DA 12 GRADINI,977580
SCALA A LIBRO edile per scavi e basi,977579
SCALA ALLUMIN. 25 m con 8 GRAD. C/O DISP.ANTICAD.,971179
SCALA D'AMARRO TRIANGOLARE 4 m CON DUE GANCI,979018A1
SCALA D'AMARRO TRIANGOLARE 8 m (4+2+2),979018
SCALA DI SOSPENSIONE 4+4 m,979053
Scala INNESTO modulo intermedio,977579AAA
Scala INNESTO pedone,977579AAA1
Scala INNESTO puntine Terminale,977579AAA2
SCALA PER AMARRI TRAPEZ. 12 m - 4+4+4,979009
SCALA PER AMARRI TRAPEZIODALE CON DUE GANCI (SEMPRE DUE GANCI) 4 m,979009A1
SCALA PER SCALATA SOSTEGNO 3.7 m,979031
SCALA PER SCALATA SUPPORTI A TRALICCIO PER SOSTITUIRE PASTORALI,996667A1
SCALA PER TAVOLA BOTOLA MARCEGAGLIA,993169A18
SCALA RETTANGOLARE AMARRO 12 M 4+4+4 FORMATO PASSARELLA ( PEZZI DA 4 METRI PEZZO UNICO ),979008
SCALA SOSPENSIONE / AMARRO 4 m CON GANCIO profilo largo,979017A3
SCALA SOSPENSIONE DA 4 CON GANCIO 979052 ( POSSIBILE RICHIESTA SENZA GANCIO ),979052
SCALA SOSPENSIONE USO ORIZZONTALE lunghezza 6 m,979017
SCALPELLO A PUNTA SDS 250 mm X BOSCH 11205,991340
SCALPELLO A TAGLIO 400 mm,970445
SCALPELLO DA MURATORE A PUNTA,990931
SCALPELLO DA TAGLIO 240 mm,977582
SCARICATORE OSSIDO MET. 17.5 kV-10 kA,994752
SCARPA antifortunistica FITWELL SAFTREK 2B OCEANIA   tg 39,970321A39
SCARPA antifortunistica FITWELL SAFTREK 2B OCEANIA   tg 40,970321A40
SCARPA antifortunistica FITWELL SAFTREK 2B OCEANIA   tg 41,970321A41
SCARPA antifortunistica FITWELL SAFTREK 2B OCEANIA   tg 42,970321A42
SCARPA antifortunistica FITWELL SAFTREK 2B OCEANIA   tg 43,970321A43
SCARPA antifortunistica FITWELL SAFTREK 2B OCEANIA   tg 44,970321A44
SCARPA antifortunistica FITWELL SAFTREK 2B OCEANIA   tg 45,970321A45
SCARPA antifortunistica FITWELL SAFTREK 2B OCEANIA   tg 46,970321A46
Scarpa antinf. S3 alta Haix proctector light 2.0,881328
SCATOLA DI GIUNZIONE TIPO E,978327
SCATOLA DI GIUNZIONE TIPO L,978328
SCATOLA POLISTIROLO 15X15X15CM (CUBETTIERA) provini calcestruzzo,S80003603
SCATOLATO X TRASF. CASSERI D70:D80,970547
SCOMPARTO ENEL LINEA MOTOR. "LE" DY803/2,971027
SCOMPARTO ENEL UT - TV-TA 15/0.1KV-50/5A H1850,971028
SCOPA INDUSTRIALE 60 cm,994465
SECCHIO DA MURATORE PLASTICA,991810
SEGA A MANO,977592
SEGA CIRCOLARE,970197
SEGA CIRCOLARE CON BANCO E PIEDISTALLO,990079
SEGA CIRCOLARE con gruppo elettrogeno generatore,A666666A8
SEGA PER LEGNO,977593
SEGHETTO ALTERNATIVO,977595
SEGHETTO FRONTALE A BATTERIA,977596
SEGHETTO MANUALE 300 mm,977598
SEGHETTO PER FERRO,977599
SEGONCINO PER LEGNO,990660
SERGENTE DA FALEGNAME morse,977601
SERIE INSERTI CACCIAVITE NANO "TW",881782
SET CHIAVI A BRUGOLA,977602
SET COMPLETO SONDA Ø 9 mm ,970491
SET RONDELLA PIANA M10 M12 M16,880452
SIGILLATRICE IMBALLI PER MAGAZZINO,880653
silicone + pistola,A666666A51
SISTEMA ANTICADUTA TOWERLATCH - LATCHWAYS,970157
sistema artigianale con carrozzini lineari posacav,970397
sistema artigianale con carrozzini neri doppi per ,970398
SMERIGLIATRICE ANGOLARE 220 V Ø 230 2200 W,991588
SMERIGLIATRICE MAKITA 125 mm 18V,970191
SMERIGLIETTO A BATTERIA,A666666A22
SNODO A RANETTA GRANDE,977604
SNODO A RANETTA PICCOLO,977605
SOLETTA 4 COPERCHI POZZETTO 90X70,998740
SOLETTA PER POZZ 125x80 (120x60),800140
Soletta porta chiusino 70x106 h 10 cm,971448
Soletta porta chiusino 70x80 h 10 cm,971447
SONDA AVVOLG.VTR 150 m Ø 11 C/ASPO,998304
SONDA AVVOLG.VTR 50 m Ø 9 C/ASPO,991265
SONDA PASSACAVO FIBRA 60M - Ø 6 mm,970495
SPANDI/SPINGIMALTA IN ACCIAO l 500 mm,992261
SPARACHIODI A GAS,A666666A21
SPAZZATRICE IDRAULICA PER MINIPALA,993313
SPAZZOLA ACCIAIO A TAZZA,970454
SPAZZOLA ACCIAIO CON MANICO,990631
SPAZZOLA IN FERRO,977606
SPESSIMETRO DIGITALE,970386
SPINA ELETTR.M 16A/220 V,881349
SPINA MARCEGAGLIA D. 10 MM ,993169A14
Spina per premontaggio  CONICA Ø 30L=400 IN C45,970220
Spina per premontaggio  CONICA Ø 40L=600 IN C45,970221
SQUADRA METALLICA 100X50 cm,977614
SQUADRA METALLICA 40X80 cm,977615
SQUADRA PER FALEGNAME 30 cm,881779
STAFFA A 90° (BRIDA) grillo DA 120 kN piegate,978334
STAFFA A 90° (BRIDA) grillo DA 210 kN piegate,978335
STAFFA COLLEGAMENTO PIANTANA A ZAVORRA IN CLS,977618
STAFFA DRITTA (BRIDA) grillo DA 120 kN,978336
STAFFA DRITTA (BRIDA) grillo DA 210 kN,978337
STAFFE/BASETTE PER PONTEGGIO EDILE,977619
STAMPI CIRCOLARI 110T SEZ. 14,990066A14A14
STAMPI CIRCOLARI 110T SEZ. 16,990066A16A16
STAMPI CIRCOLARI 110T SEZ. 19,990066A19A19
STAMPI ESAGONALI PRESSA 55 t,971200
STAMPI T110 SEZ. 11,979054AC11
STAMPI T110 SEZ. 12,979054AC12
STAMPI T110 SEZ. 12.5,979054AC12.5
STAMPI T110 SEZ. 16,979051AC16
STAMPI T110 SEZ. 18,979051AC18
STAMPI T110 SEZ. 19,979051AC19
STAMPI T110 SEZ. 20.5,979051AC20.5
STAMPI T110 SEZ. 21,979051AC21
STAMPI T110 SEZ. 22,979051AC22
STAMPI T110 SEZ. 23,979051AC23
STAMPI T110 SEZ. 24,979054AL24
STAMPI T110 SEZ. 25,979054AL25
STAMPI T110 SEZ. 27,979054AL27
STAMPI T110 SEZ. 2805,979054AL28.5
STAMPI T110 SEZ. 29,979054AL29
STAMPI T110 SEZ. 30,979054AL30
STAMPI T110 SEZ. 32,979054AL32
STAMPI T110 SEZ. 32.5,979054AL32.5
STAMPI T110 SEZ. 34,979054AL34
STAMPI T110 SEZ. 34.5,979054AL34.5
STAMPI T110 SEZ. 35,979054AL35
STAMPI T110 SEZ. 35.5,979054AL35.5
STAMPI T110 SEZ. 38.5,979054AL38.5
STAMPI T110 SEZ. 39.5,979054AL39.5
STAMPI T110 SEZ. 40,979054AL40
STAMPI T110 SEZ. 44,979054AL44
STAMPI T110 SEZ. 45,979054AL45
STAMPI T110 SEZ. 54,979054AL54
STAMPI T55 SEZ. 12,97120A12
STAMPI T55 SEZ. 14,97120A14
STAMPI T55 SEZ. 34,97120A34
STAMPO PER ACC. PRESSA 110 t,979051
STAMPO PER ALL. PRESSA 110 t,979054
STAZIONE TOTALE,A666666A15
STIVALI IN GOMMA,992030
STOCK ANTIVIBRANTI PER CONDUTTORE Ø 22.8,978349
STOCK ANTIVIBRANTI PER CONDUTTORE Ø 27,978350
STOCK AUTOVIBRANTI PER F.O.,978351
STRISCIA 32 COAX N3-90 X (0.53/2.4)SOLDERLESS,998701
STROPPA ACCIAIO Ø 10  mm da 1 m PIEGATA,977623
STROPPA ACCIAIO Ø 10  mm da 2 m ,970387
STROPPA ACCIAIO Ø 10 mm da 1 m DRITTA ,977623A1
STROPPA ACCIAIO Ø 12  mm da 1 m DRITTA,977624
STROPPA ACCIAIO Ø 12  mm da 1 m PIEGATA,977624A1
STROPPA ACCIAIO Ø 14  mm da 1 m DRITTA,977626
STROPPA ACCIAIO Ø 14  mm da 1 m PIEGATA,977626A1
STROPPA ACCIAIO Ø 14  mm da 2 m,977627
STROPPA ACCIAIO Ø 16  mm da 1 m DRITTA,977629
STROPPA ACCIAIO Ø 16  mm da 1 m PIEGATA,977629A1
STROPPA ACCIAIO Ø 16  mm da 1.5 m,977630
STROPPA ACCIAIO Ø 16  mm da 2 m,977631
STROPPA ACCIAIO Ø 18  mm da 1 m DRITTA,977633
STROPPA ACCIAIO Ø 18  mm da 1 m PIEGATA,977633A1
STROPPA ACCIAIO Ø 18  mm da 2 m,977634
STROPPA ACCIAIO Ø 20 mm da 1 m DRITTA,970408
STROPPA ACCIAIO Ø 20 mm da 1 m PIEGATA,970408A1
STROPPA ACCIAIO Ø 20 mm da 2 m,970407
STROPPA ACCIAIO Ø 8  mm da 1 m,977636
STROPPA IN NYLON canapa da 5 m 4 t,977641
STROPPA NYLON canapa da 6 m - 5 t arancione,977642A3
STUFA AL QUARZO 400-800 W,970286
SUPP.TER.1P LAMT.FUNEPORT.DS3068UE,994663
SUPPORTO TREPPIEDE PER FARI,970332
SVITOL SPRAY BERNER SBLOCCANTE,971035
Tacheometro,881820
TAGLIA IN SESTA DA 175 kN,970141
Tamburo VERRICELLO Ø 85 mm PCA 1100,SE0000263
Tanica Metalllo per benzina 20 l,970477
Tanica nera metallo 20 l gasolio,970478
Tanica PVC 10 l C/RUBINETTO ACQUA,992014
Tanica PVC 20 l CON RUBINETTO,992015
Tanica PVC 22 l,970251
Tanica PVC 5 l C/RUBINETTO ACQUA,970323
Tanica pvc rossa miscela 5 l,970479
tappeto isolante 26 kV h 3 mm 1.5 m,S70009635
Tappi auricolari (Box 250 paia)  ,881329
Tappi per tubi e raccordi  txt225 Ø 225 mm h 40 mm,971290
TASSELLATORE  CON MANDRINO,977652
tassellatore makita trapano hr2631ft12,994381
TASSELLI A BATTERE D.16X15 mm,971277
TASSELLI C/VITE SX10 10x50 FISCHER,763270
TAVOLA CON BOTTOLA MARCEGAGLIA 660X2500X50,993169A17
TAVOLA SECURDECK MARCEGAGLIA 330X2500X50,993169A12
tavola sottomisura 2.5 10 x 400,SE0000298
TAVOLE AB.PRIS.100X25X4000 MAR,S70007243
TAVOLE IN LEGNO armatura da 4 m X 10 cm X 2 cm ,978363
TAVOLONI LEGNO PER PONT. 4.00x0.25,970189
TAVOLONI LEGNO PER PONT. 50x24,SE0000297
TEFLON ROTOLO PROF SP0.2 3/4'' 400-63P,763110
TEFLON ROTOLO SPO.1 1/2" 400-63BD,763101
TELEMETRO ,970436
TELO COPRITUTTO IMPERMEABILE,977653
TELO NYLON 3X4 m,990590
TELO PONTEGGIO MARCEGAGLIA,993169A20
TELO PVC (IN FIBRA ACRILICA) 3X3 m,990600
TELONE BLU 4X4 m,977654
TELONE C/OCCHIELLI 8X10,971343
TELONE C/OCCHIELLI MISURE VARIE,971342
Tenaglia 250 mm,970116
TENDITORE 2 OCCHI INOX,882137
TENDITORE CON DISPOSITIVO DI PRESA,994764
TENDITORE PER I MORSETTI  FARFALLE PER ARMATURA CASSERI,A666666A9
TENDITORI,978366
TENDITORI PER AMARRO F.O.,978367
TERMOIGROMETRO BC06,970506
TERMOIGROMETRO BC21,970507
TERMOMETRO,991255
TERMOMETRO A INFRAROSSI,883455
TERMOMETRO DIGITALE INFRAROSSI,977657
TESSUTO NON TESSUTO H 2 X 050 ML 200 g,978384
Testa Idraulica con tubi TESTA OLIODINAMICA RHU520,990935
TIRAFANGO ,977658N
TIRAFONDO AD UNCINO M20 L. 900,SE0000305
TIRAFONDO M22,SE0000308
TIRFOR TRAZ. 1600 kg + FUNE,970230
TONDINO IN ALLUMINIO Ø 8 mm,880292
torce frontali da mettere sulla testa,A666666A50
TORCIA ELETTRICA,881546
TORRETTA H 50 cm BASE DOPPIA FALDA,SE0000269
TRACCIANTE SPRAY GIALLO/ARANCIO,998800
Traente Ø 10 mm,979014
Traente Ø 13 mm,979040
Traente Ø 18 mm,979029
Traente Ø 24 mm,979023
Traente Ø 9 mm,979020
TRANCIA MANUALE A CREMAGLIERA,970390
TRANCIA OLEODINAMICA MANUALE IDRAULICA,880133
TRANCIA RHT 160-60 N,971183
TRANCIA TC04N,971182
TRANCIAFUNI OLEODINAMICO MAN. COND. ALL45-ACC20 mm,971181
TRAPANO A PERCUSSIONE A BATTERIA,977666A1
TRAPANO A PERCUSSIONE elettrico,977666A5
TRAPANO AVVITATORE HIKOKI,970190A2
TRAPANO AVVITATORE MAKITA 18 V,970190
TRAPANO MAGNETICO A BATTERIA,979027
TRAPANO MAGNETICO EVOLUTION 1200 W,979013
TRAPANO MAGNETICO MAB 100,977666
TRAPANO PERFORATORE HILTI TE 6A C/BATTERIA,882265
TRAVE IN SCATOLATO traversa per piantana DA 6 m,977668
TRAVE TRIANGOLARE PER PONTEGGIO DA 3.50/4 m ( con ponteggio  993169_4 E 993169_2 M),977669
TRAVE TRIANGOLARE PER PONTEGGIO DA 5.50/6 m ( con ponteggio  993169_4 E 993169_2 M),977670
TRAVERSA ACC.LINEE AEREE P2/28-24,994657
TRAVETTA RINFORZATA MARCEGAGLIA,993169A16
TRECCIA POLIESTERE ALTA TENACITA 4 mm C.R.450 kg,971006
Treppiede per Tacheometro,881820A
TRIANGOLO TRIDIMENSIONALE LAV. IN CORSO,970414
TRITUBO PE80 Ø 50 ANONIMO SP. 3 mm matasse da 350 m,996098
TRITUBO PEHD Ø 50 INFRATEL SP.3.5 mm,998515
T-Shirt tg 2XL,970178A2XL
T-Shirt tg 3XL,970178A3XL
T-Shirt tg L,970178AL
T-Shirt tg M,970178AM
T-Shirt tg S,970178AS
T-Shirt tg XL,970178AXL
TUBAZIONE PEAD PE100 PN10 Ø 200 SP. 11.9 da 6 m,971167
TUBAZIONE PEAD SDR17 Ø 50 SP. 3.00 mm,971166
TUBETTO COPRIGIUNTO TERMORESTRINGENTE 40X2 mm,971038
TUBETTO COPRIGIUNTO TERMORESTRINGENTE 45X2.5 mm,971037
TUBETTO COPRIGIUNTO TERMORESTRINGENTE 60X2.5 mm,971039
TUBI FE 114.3x7.1 3 m,971265
TUBI FE 88.9 X 8 ,971379
TUBI INNOC. Ø 48 da 6 m ZINCATI,970299
TUBI ZINC. FE 114.3x7.1 DA 6 m,971410
TUBI ZINC. FE 152.4x6.3 DA 7.1 m,971411
TUBO 101.6x10 (CARPENTERIA),SE0000125
TUBO CORRUG.ENEL D.P. Ø 200 COLORE GRIGIO,881097
TUBO CORRUGATO Ø 50 - lung. 50 m,802007
TUBO d.200 CORRUGATO 6mt,881047
TUBO FLESSIBILE 6 m + INNESTI,971198
TUBO IDRAULICO PER CENTRALINA,977677
TUBO MS CLS 800X1000 mm LUNGH,S90004919
TUBO Ø 88.9X10 LG. 10.8 m,971127
TUBO PEAD LISCIO Ø 200 mm da 12 m - SDR21,971339
TUBO PEAD LISCIO Ø 200 mm da 6 m - SDR21,971338
TUBO PROTEZIONE PER KIT  ANTIVOLATILE,999746
TUBO SPIRALE ARIA COMPRESSA,970494
TUBO SS THERMO ROSSO EN10255 Ø 4'",S70015847
TUBO ZINCATO Ø 114.3X6 da 3 m,971067
TUBO ZINCATO Ø 114.3x6 da 6 m,971178
TUTA ANTISTATICA TYVEK C/CERNIERA. PATTA CAPPUCCIO,S70016006
TUTA INVERNALE (COLORE BLU),992060
TUTA TIVEK BIANCA,978397
TUTA TIVEK TG M,978400
TUTA TIVEK TG XL,978401
VALIGETTA PORTAMINUTERIE,991655
VALIGIA PORTA UTENSILI IN ABS NERA,977681
VANGA QUADRATA,991550
VAR-ALCOOL ISOPROPILICO confez. 1 lt,777348
VASCA CONTENIMENTO LIQUIDI IN POLIETILENE 30 lt,S90004605
VENTINI IN ACCIAIO PER PROTEZIONE PARALLELE,A666666A12
VERICELLO CAMPESTRE PCW5000,971180
VERRICELLO MANUALE PORTATA 2000 kg,970391
VERRICELLO MOTORINO  CAMPESTRE forestale PCW5000 TAMB. 85 mm MOTORE GXH50 CC Honda,995335
vite + dado + rondella zincato a caldo 12 x 30,971361
vite + dado + rondella zincato a caldo 14 x 30,971363
vite + dado + rondella zincato a caldo 16 x 30,971362
vite + dado + rondella zincato a caldo 16 x 40,971358
vite + dado + rondella zincato a caldo 20 x 40,971359
vite + dado + rondella zincato a caldo 27 x 60,971360
VITE 20X170 UNI 5737 8.8,971145
VITE EN15048 16X180,971129
VITE PER CALCESTRUZZO CH 15 10X100,971044
VITE TE 8.8 UNI5739 ZF 20X80,971032
VITE+DADO EN15048 16x85 ZINC. CALDO,971334
VITE+DADO EN15048 8.8 20x170 ZINC. FUOCO,971326
VITI TE 12x35 UNI5739-8.8 ZC,971101
VITI TE 16x35 UNI5739-8.8 ZC,971100
VITI TE 16x40 UNI5739-8.8 ZC,971099
VITI TE 16x45 UNI5739-8.8 ZC,971098
VITI TE 16x50 UNI5739-8.8 ZC,971097
VITI TE 16x55 UNI5739-8.8 ZC,971096
VITI TE 16x70 UNI5739-8.8 ZC,971095
VITI TE 20x40 UNI5739-8.8 ZC,971094
VITI TE 20x45 UNI5739-8.8 ZC,971093
VITI TE 20x50 UNI5739-8.8 ZC,971092
VITI TE 20x55 UNI5739-8.8 ZC,971091
VITI TE 20x60 UNI5739-8.8 ZC,971090
VITI TE 20x65 UNI5739-8.8 ZC,971089
VITI TE 20x70 UNI5739-8.8 ZC,971088
VITI TE 20x80 UNI5739-8.8 ZC,971087
VITI TE 24x100 UNI5739-8.8 ZC,971081
VITI TE 24x60 UNI5739-8.8 ZC,971086
VITI TE 24x65 UNI5739-8.8 ZC,971085
VITI TE 24x70 UNI5739-8.8 ZC,971084
VITI TE 24x80 UNI5739-8.8 ZC,971083
VITI TE 24x90 UNI5739-8.8 ZC,971082
VITI TE M12X50 ZI,971064
Vomero Doppio,977682
Vomero Singolo,977684
Vuoto Conico Ø 110 cm,970270A110
Vuoto Conico Ø 140 cm,970270
Vuoto Conico Ø 180 cm,970270A180
Vuoto Conico Ø 50 cm,970270A50
Y FRANCIA CON ASSORBITORE L.120-175CM+0981+2x0995 SHOCK ABSORBER,970033
Y ITALIA CON ASSORBITORE L.130-190CM+0981+2x984.01 RETEXO REWIND DOUBLE,970034
Zappa con manico di legno,970415
Zavorra  0.6 t 1 m x 0.5 m x 0.5 m,977692
Zavorra  0.7 t 1m x 1m x 0.3 m,970459
Zavorra  1.2 t con PIASTRA,977688
Zavorra  1.2 t SENZA Piastra,977689
Zavorra  2.4 t  con PIASTRA,977691
Zavorra  2.4 t SENZA Piastra,970070
QUICK JET ARMATURE APERDERE,
